Club,GamesPlayed,TotalPoints,TotalWins,TotalLosses,Draws,Goals,GoalsAgainst,GoalsDifferential,PenaltyKickTaken,PenaltyKickConceded,Fouls,FoulsSuffered,Offsides,YellowCards,RedCards,Year,StadiumCapacity,TotalSpectators,AverageAttendance,Matches,SoldOut,Capacity %,Win/lossRatio
Atlanta,34,51,13,9,12,66,53,13,4,4,409,380,58,71,4,2023,73.019,299.85,49.975,6,-,0.684,1.4444444444444444
Austin,34,39,10,15,9,49,55,-6,2,3,340,363,59,58,2,2023,20.738,207.38,20.738,10,10,1.0,0.6666666666666666
Charlotte,34,43,10,11,13,45,52,-7,5,7,455,368,44,87,0,2023,75.412,208.987,34.831,6,-,0.462,0.9090909090909091
Chicago,34,40,10,14,10,39,51,-12,2,11,393,430,69,80,6,2023,24.955,150.815,18.852,8,1,0.755,0.7142857142857143
Cincinnati,34,69,20,5,9,57,39,18,9,5,422,429,53,75,5,2023,26.0,201.722,25.215,8,1,0.97,4.0
Colorado,34,27,5,17,12,26,54,-28,4,3,403,320,42,83,4,2023,18.086,75.964,15.193,5,-,0.84,0.29411764705882354
Columbus,34,57,16,9,9,67,46,21,7,4,384,341,52,59,1,2023,20.011,81.865,20.466,4,3,1.023,1.7777777777777777
D.C.,34,40,10,14,10,45,49,-4,2,5,463,408,74,69,2,2023,20.0,145.729,18.216,8,-,0.911,0.7142857142857143
Dallas,34,46,11,10,13,41,37,4,1,3,384,366,59,68,2,2023,20.5,152.741,19.093,8,-,0.931,1.1
Houston,34,51,14,11,9,51,38,13,6,6,435,381,59,92,5,2023,22.039,100.954,16.826,6,-,0.763,1.2727272727272727
Kansas City,34,44,12,14,8,48,51,-3,6,7,334,376,44,57,4,2023,21.0,180.888,25.841,7,-,1.231,0.8571428571428571
LA,34,36,8,14,12,51,67,-16,5,4,364,413,42,72,4,2023,22.0,132.749,22.125,6,5,1.006,0.5714285714285714
LAFC,34,52,14,10,10,54,39,15,9,5,443,370,61,73,1,2023,27.0,114.691,22.938,5,1,0.85,1.4
Miami,34,34,9,18,7,41,54,-13,6,1,412,363,62,83,3,2023,21.55,147.353,21.05,7,-,0.977,0.5
Minnesota,34,41,10,13,11,46,51,-5,5,1,342,323,72,58,1,2023,19.6,156.633,19.579,8,5,0.999,0.7692307692307693
Montreal,34,41,12,17,5,36,52,-16,3,3,416,360,59,69,3,2023,20.341,78.476,19.619,4,-,0.965,0.7058823529411765
Nashville,34,49,13,11,10,39,32,7,5,5,376,369,82,70,6,2023,30.0,285.38,28.538,10,1,0.951,1.1818181818181819
New England,34,55,15,9,10,58,46,12,3,4,353,374,59,50,2,2023,20.0,161.658,32.332,5,3,1.617,1.6666666666666667
New York,34,43,11,13,10,36,39,-3,4,7,497,447,51,87,4,2023,25.0,19.284,19.284,1,-,0.771,0.8461538461538461
New York City,34,41,9,11,14,35,39,-4,3,4,405,428,68,80,1,2023,30.321,50.187,25.094,2,-,0.828,0.8181818181818182
Orlando,34,63,18,7,9,55,39,16,5,3,394,451,51,68,1,2023,25.5,183.491,22.936,8,-,0.9,2.5714285714285716
Philadelphia,34,55,15,9,10,57,41,16,11,6,465,368,90,82,5,2023,18.5,131.683,18.812,7,7,1.017,1.6666666666666667
Portland,34,43,11,13,10,46,58,-12,1,3,466,375,39,82,0,2023,25.218,99.061,19.812,5,-,0.786,0.8461538461538461
Salt Lake,34,50,14,12,8,48,50,-2,0,5,390,340,79,73,2,2023,20.213,80.583,20.146,4,1,0.997,1.1666666666666667
San Jose,34,44,10,10,14,39,43,-4,6,7,344,358,53,72,4,2023,18.0,102.25,20.45,5,1,1.136,1.0
Seattle,34,53,14,9,11,41,32,9,1,1,348,376,55,59,2,2023,37.722,180.644,30.107,6,-,0.798,1.5555555555555556
St. Louis,34,56,17,12,5,62,45,17,5,7,481,356,42,77,4,2023,22.5,134.846,22.474,6,3,0.999,1.4166666666666667
Toronto,34,22,4,20,10,26,59,-33,1,4,322,424,58,51,3,2023,30.991,184.361,26.337,7,-,0.85,0.2
Vancouver,34,48,12,10,12,55,48,7,8,1,408,358,59,66,1,2023,22.12,207.652,29.665,7,7,1.341,1.2
Atlanta,34,40,10,14,10,48,54,-6,3,6,387,390,64,69,3,2022,73.019,800.966,47.116,17,-,0.645,0.7142857142857143
Austin,34,56,16,10,8,65,49,16,4,7,420,353,64,71,4,2022,20.738,352.546,20.738,17,14,1.0,1.6
Charlotte,34,42,13,18,3,44,52,-8,4,4,429,371,33,61,2,2022,75.412,599.428,35.26,17,-,0.468,0.7222222222222222
Chicago,34,39,10,15,9,39,48,-9,5,5,468,436,77,82,5,2022,24.955,269.41,15.848,17,2,0.635,0.6666666666666666
Cincinnati,34,49,12,9,13,64,56,8,5,10,426,343,56,75,4,2022,26.0,382.274,22.487,17,-,0.865,1.3333333333333333
Colorado,34,43,11,13,10,46,57,-11,5,11,422,367,55,90,6,2022,18.086,246.049,14.473,17,1,0.8,0.8461538461538461
Columbus,34,46,10,8,16,46,41,5,2,4,359,483,60,65,1,2022,20.011,327.027,19.237,17,6,0.961,1.25
D.C.,34,27,7,21,6,36,71,-35,4,5,463,353,50,70,5,2022,20.0,276.355,16.256,17,-,0.813,0.3333333333333333
Dallas,34,53,14,9,11,48,37,11,1,7,402,366,55,76,3,2022,20.5,279.965,16.469,17,-,0.803,1.5555555555555556
Houston,34,36,10,18,6,43,56,-13,6,8,384,325,52,91,6,2022,22.039,279.24,16.426,17,-,0.745,0.5555555555555556
Kansas City,34,40,11,16,7,42,54,-12,5,6,375,410,26,62,6,2022,21.0,312.199,18.365,17,-,0.875,0.6875
LA,34,50,14,12,8,58,51,7,14,7,409,371,56,80,4,2022,22.0,375.518,22.089,17,13,1.004,1.1666666666666667
LAFC,34,67,21,9,4,66,38,28,7,4,463,400,48,79,2,2022,27.0,388.301,22.841,17,-,0.846,2.3333333333333335
Miami,34,48,14,14,6,47,56,-9,5,5,405,344,67,68,5,2022,21.55,214.833,12.637,17,-,0.586,1.0
Minnesota,34,48,14,14,6,48,51,-3,4,5,402,354,52,79,2,2022,19.6,332.526,19.56,17,9,0.998,1.0
Montreal,34,65,20,9,5,63,50,13,7,6,382,408,50,77,3,2022,20.341,268.071,15.769,17,-,0.775,2.2222222222222223
Nashville,34,50,13,10,11,52,41,11,9,9,388,367,68,74,2,2022,30.0,468.419,27.554,17,3,0.919,1.3
New England,34,42,10,12,12,47,50,-3,6,12,342,352,48,57,2,2022,20.0,360.762,21.221,17,8,1.061,0.8333333333333334
New York,34,53,15,11,8,50,41,9,10,1,525,381,52,83,5,2022,25.0,289.035,17.002,17,-,0.68,1.3636363636363635
New York City,34,55,16,11,7,57,41,16,9,1,411,426,53,80,2,2022,30.321,292.057,17.18,17,-,0.567,1.4545454545454546
Orlando,34,48,14,14,6,44,53,-9,4,6,395,480,42,78,3,2022,25.5,276.826,16.284,17,-,0.639,1.0
Philadelphia,34,67,19,5,10,72,26,46,10,5,488,366,57,66,3,2022,18.5,308.146,18.126,17,8,0.98,3.8
Portland,34,46,11,10,13,53,53,0,11,2,450,372,28,91,5,2022,25.218,405.305,23.841,17,2,0.945,1.1
Salt Lake,34,47,12,11,11,43,45,-2,2,9,351,331,65,68,1,2022,20.213,347.991,20.47,17,8,1.013,1.0909090909090908
San Jose,34,35,8,15,11,52,69,-17,7,6,377,456,39,68,2,2022,18.0,259.416,15.26,17,1,0.848,0.5333333333333333
Seattle,34,41,12,17,5,47,46,1,7,7,335,405,61,63,4,2022,37.722,540.799,31.812,17,1,0.843,0.7058823529411765
Toronto,34,34,9,18,7,49,66,-17,8,4,333,433,41,67,2,2022,30.991,432.19,25.423,17,-,0.82,0.5
Vancouver,34,43,12,15,7,40,57,-17,5,7,384,376,52,68,3,2022,22.12,278.79,16.399,17,-,0.741,0.8
Atlanta,34,51,13,9,12,45,37,8,6,5,388,507,58,63,3,2021,73.019,747.386,43.964,17,-,0.602,1.4444444444444444
Austin,34,31,9,21,4,35,56,-21,2,3,351,348,47,60,4,2021,20.738,290.332,20.738,14,10,1.0,0.42857142857142855
Chicago,34,34,9,18,7,36,54,-18,0,5,445,420,56,62,2,2021,24.955,171.105,10.694,16,-,0.429,0.5
Cincinnati,34,20,4,22,8,37,74,-37,3,2,431,415,59,75,3,2021,26.0,359.969,21.175,17,-,0.814,0.18181818181818182
Colorado,34,61,17,7,10,51,35,16,3,1,402,310,60,73,1,2021,18.086,144.169,12.014,12,-,0.664,2.4285714285714284
Columbus,34,47,13,13,8,46,45,1,4,5,357,430,48,50,1,2021,20.011,281.918,16.583,17,1,0.829,1.0
D.C.,34,47,14,15,5,56,54,2,11,1,513,406,56,69,2,2021,20.0,217.441,12.791,17,-,0.64,0.9333333333333333
Dallas,34,33,7,15,12,47,56,-9,3,10,457,357,57,80,1,2021,20.5,228.11,13.418,17,-,0.655,0.4666666666666667
Houston,34,30,6,16,12,36,54,-18,4,5,449,371,66,71,1,2021,22.039,207.732,12.22,17,-,0.555,0.375
Kansas City,34,58,17,10,7,58,40,18,6,2,347,401,40,50,2,2021,21.0,262.522,18.752,14,-,0.893,1.7
LA,34,48,13,12,9,50,54,-4,6,6,384,360,54,54,1,2021,22.0,318.685,18.746,17,7,0.852,1.0833333333333333
LAFC,34,45,12,13,9,53,51,2,8,0,446,387,49,54,1,2021,27.0,259.28,16.205,16,-,0.6,0.9230769230769231
Miami,34,41,12,17,5,36,53,-17,4,4,441,421,66,81,4,2021,21.55,235.403,13.847,17,-,0.643,0.7058823529411765
Minnesota,34,49,13,11,10,42,44,-2,3,6,427,381,47,56,3,2021,19.6,192.355,14.797,13,3,0.755,1.1818181818181819
Montreal,34,46,12,12,10,46,44,2,4,5,415,381,54,62,5,2021,20.341,36.701,18.351,2,-,0.902,1.0
Nashville,34,54,12,4,18,55,33,22,3,5,437,381,61,53,1,2021,30.0,309.405,19.338,16,-,0.645,3.0
New England,34,73,22,5,7,65,41,24,3,4,374,405,44,53,3,2021,20.0,207.476,18.861,11,2,0.943,4.4
New York,34,48,13,12,9,39,33,6,4,4,509,373,64,72,2,2021,25.0,171.099,13.161,13,-,0.527,1.0833333333333333
New York City,34,51,14,11,9,56,36,20,5,3,506,403,61,72,8,2021,30.321,32.556,5.426,6,-,0.179,1.2727272727272727
Orlando,34,51,13,9,12,50,48,2,8,3,398,419,48,67,3,2021,25.5,250.299,15.644,16,-,0.614,1.4444444444444444
Philadelphia,34,54,14,8,12,48,35,13,3,6,431,355,66,71,3,2021,18.5,193.552,12.903,15,1,0.698,1.75
Portland,34,55,17,13,4,56,52,4,4,8,414,384,39,69,2,2021,25.218,255.422,21.285,12,-,0.844,1.3076923076923077
Salt Lake,34,48,14,14,6,55,54,1,3,4,366,339,39,71,1,2021,20.213,213.066,15.219,14,-,0.753,1.0
San Jose,34,41,10,13,11,46,54,-8,5,5,427,473,40,81,4,2021,18.0,155.239,12.937,12,2,0.719,0.7692307692307693
Seattle,34,60,17,8,9,53,33,20,6,4,379,448,44,58,0,2021,37.722,427.121,25.125,17,-,0.666,2.125
Toronto,34,28,6,18,10,39,66,-27,3,6,336,410,71,58,4,2021,30.991,71.08,7.898,9,-,0.255,0.3333333333333333
Vancouver,34,49,12,9,13,45,45,0,4,5,404,400,55,56,0,2021,22.12,103.796,12.975,8,-,0.587,1.3333333333333333
Atlanta,34,58,18,12,4,58,43,15,10,5,350,402,56,56,2,2019,73.019,892.663,52.51,17,-,0.719,1.5
Chicago,34,42,10,12,12,55,47,8,5,5,408,346,61,62,2,2019,24.955,209.516,12.324,17,-,0.494,0.8333333333333334
Cincinnati,34,24,6,22,6,31,75,-44,5,7,371,383,66,57,4,2019,26.0,464.72,27.336,17,2,1.051,0.2727272727272727
Colorado,34,42,12,16,6,58,63,-5,8,9,407,350,50,70,8,2019,18.086,242.833,14.284,17,-,0.79,0.75
Columbus,34,38,10,16,8,39,47,-8,5,5,398,349,55,57,1,2019,20.011,252.555,14.856,17,2,0.742,0.625
D.C.,34,50,13,10,11,42,38,4,4,6,387,383,50,49,5,2019,20.0,301.644,17.744,17,2,0.887,1.3
Dallas,34,48,13,12,9,54,46,8,5,8,427,399,51,67,1,2019,20.5,252.313,14.842,17,-,0.724,1.0833333333333333
Houston,34,40,12,18,4,49,59,-10,5,7,417,399,67,67,4,2019,22.039,266.464,15.674,17,-,0.711,0.6666666666666666
Kansas City,34,38,10,16,8,49,67,-18,9,5,419,394,47,74,7,2019,21.0,316.211,18.601,17,1,0.886,0.625
LA,34,51,16,15,3,58,59,-1,8,8,383,288,85,70,3,2019,22.0,356.162,22.26,16,15,1.012,1.0666666666666667
LAFC,34,72,21,4,9,85,37,48,11,3,396,428,74,52,1,2019,27.0,394.477,23.205,17,1,0.859,5.25
Minnesota,34,53,15,11,8,52,43,9,7,4,390,319,51,55,4,2019,19.6,335.291,19.723,17,16,1.006,1.3636363636363635
Montreal,34,41,12,17,5,47,60,-13,6,7,382,384,48,55,3,2019,20.341,274.904,16.171,17,-,0.795,0.7058823529411765
New England,34,45,11,11,12,50,57,-7,7,4,435,413,56,69,5,2019,20.0,284.535,16.737,17,5,0.837,1.0
New York,34,48,14,14,6,53,51,2,5,7,403,431,69,52,5,2019,25.0,293.769,17.281,17,-,0.691,1.0
New York City,34,64,18,6,10,63,42,21,9,10,467,409,68,79,1,2019,30.321,358.82,21.107,17,-,0.696,3.0
Orlando,34,37,9,15,10,44,52,-8,5,1,377,327,56,62,3,2019,25.5,386.94,22.761,17,1,0.893,0.6
Philadelphia,34,55,16,11,7,58,50,8,8,6,388,326,81,58,3,2019,18.5,272.343,17.021,16,7,0.92,1.4545454545454546
Portland,34,49,14,13,7,52,49,3,5,7,459,307,53,76,6,2019,25.218,428.706,25.218,17,17,1.0,1.0769230769230769
Salt Lake,34,53,16,13,5,46,41,5,7,5,382,390,87,65,5,2019,20.213,292.101,18.256,16,2,0.903,1.2307692307692308
San Jose,34,44,13,16,5,52,55,-3,1,7,425,414,76,72,5,2019,18.0,319.272,18.781,17,4,1.043,0.8125
Seattle,34,56,16,10,8,52,49,3,3,5,346,411,55,54,3,2019,37.722,684.192,40.247,17,8,1.067,1.6
Toronto,34,50,13,10,11,57,52,5,7,13,330,362,61,50,3,2019,30.991,425.816,25.048,17,-,0.808,1.3
Vancouver,34,34,8,16,10,37,59,-22,7,8,356,371,39,64,1,2019,22.12,331.745,19.514,17,4,0.882,0.5
Atlanta,34,69,21,7,6,70,44,26,14,7,346,374,77,62,3,2018,73.019,901.033,53.002,17,4,0.726,3.0
Chicago,34,32,8,18,8,48,61,-13,4,6,413,310,85,62,2,2018,24.955,251.708,14.806,17,1,0.593,0.4444444444444444
Colorado,34,31,8,19,7,36,63,-27,5,5,465,391,69,90,5,2018,18.086,260.66,15.333,17,-,0.848,0.42105263157894735
Columbus,34,51,14,11,9,43,45,-2,7,5,365,347,82,50,2,2018,20.011,211.603,12.447,17,-,0.622,1.2727272727272727
D.C.,34,51,14,11,9,60,50,10,5,2,377,393,49,42,2,2018,20.0,280.193,17.512,16,6,0.876,1.2727272727272727
Dallas,34,57,16,9,9,52,44,8,6,7,351,356,79,51,3,2018,20.5,229.352,15.29,15,-,0.746,1.7777777777777777
Houston,34,38,10,16,8,58,58,0,4,10,419,343,47,67,6,2018,22.039,287.408,16.906,17,1,0.767,0.625
Kansas City,34,62,18,8,8,65,40,25,7,8,376,353,38,50,3,2018,21.0,339.148,19.95,17,2,0.95,2.25
LA,34,48,13,12,9,66,64,2,5,8,423,334,81,70,3,2018,22.0,374.716,22.042,17,16,1.002,1.0833333333333333
LAFC,34,57,16,9,9,68,52,16,5,8,361,449,52,40,4,2018,27.0,415.543,24.444,17,3,0.905,1.7777777777777777
Minnesota,34,36,11,20,3,49,71,-22,1,5,436,348,73,72,7,2018,19.6,406.342,23.902,17,1,1.22,0.55
Montreal,34,46,14,16,4,47,53,-6,6,8,375,377,86,48,3,2018,20.341,315.665,18.569,17,2,0.913,0.875
New England,34,41,10,13,11,49,55,-6,5,5,513,364,44,81,4,2018,20.0,311.897,18.347,17,4,0.917,0.7692307692307693
New York,34,71,22,7,5,62,33,29,6,4,398,387,88,53,2,2018,25.0,295.483,18.468,16,1,0.739,3.142857142857143
New York City,34,56,16,10,8,59,45,14,4,3,459,363,74,61,4,2018,30.321,394.583,23.211,17,-,0.766,1.6
Orlando,34,28,8,22,4,43,74,-31,7,7,361,400,78,69,5,2018,25.5,405.73,23.866,17,2,0.936,0.36363636363636365
Philadelphia,34,50,15,14,5,49,50,-1,7,8,404,344,56,57,4,2018,18.5,280.805,16.518,17,-,0.893,1.0714285714285714
Portland,34,54,15,10,9,54,48,6,6,2,369,373,67,56,2,2018,25.218,359.448,21.144,17,14,0.838,1.5
Salt Lake,34,49,14,13,7,55,58,-3,8,7,373,374,75,55,0,2018,20.213,316.286,18.605,17,2,0.921,1.0769230769230769
San Jose,34,21,4,21,9,49,71,-22,7,3,378,428,62,46,3,2018,18.0,323.547,19.032,17,3,1.057,0.19047619047619047
Seattle,34,59,18,11,5,52,37,15,5,2,357,411,69,55,4,2018,37.722,690.893,40.641,17,15,1.077,1.6363636363636365
Toronto,34,36,10,18,6,59,64,-5,9,7,299,362,68,54,4,2018,30.991,452.675,26.628,17,1,0.859,0.5555555555555556
Vancouver,34,47,13,13,8,54,67,-13,5,11,412,381,73,59,7,2018,22.12,373.089,21.946,17,11,0.992,1.0
Atlanta,34,55,15,9,10,70,40,30,4,5,429,392,76,63,4,2017,73.019,819.404,48.2,17,9,0.66,1.6666666666666667
Chicago,34,55,16,11,7,61,47,14,7,3,393,386,95,47,2,2017,24.955,295.511,17.383,17,6,0.697,1.4545454545454546
Colorado,34,33,9,19,6,31,51,-20,2,8,479,330,61,75,6,2017,18.086,260.476,15.322,17,-,0.847,0.47368421052631576
Columbus,34,54,16,12,6,53,49,4,6,7,372,365,88,51,4,2017,20.011,262.469,15.439,17,1,0.772,1.3333333333333333
D.C.,34,32,9,20,5,31,60,-29,4,7,416,378,76,54,3,2017,20.0,304.369,17.904,17,2,0.895,0.45
Dallas,34,46,11,10,13,48,48,0,4,4,406,363,72,62,3,2017,20.5,257.077,15.122,17,-,0.738,1.1
Houston,34,50,13,10,11,57,45,12,8,3,426,364,40,68,1,2017,22.039,297.507,17.5,17,1,0.794,1.3
Kansas City,34,49,12,9,13,40,29,11,3,5,374,411,69,56,2,2017,21.0,332.121,19.537,17,-,0.93,1.3333333333333333
LAFC,34,32,8,18,8,45,67,-22,5,5,426,369,52,69,8,2017,27.0,378.182,22.246,17,-,0.824,0.4444444444444444
Minnesota,34,36,10,18,6,47,70,-23,4,9,379,417,69,67,3,2017,19.6,349.138,20.538,17,-,1.048,0.5555555555555556
Montreal,34,39,11,17,6,52,58,-6,7,5,462,371,77,70,6,2017,20.341,340.783,20.046,17,6,0.986,0.6470588235294118
New England,34,45,13,15,6,53,61,-8,4,5,435,396,46,53,5,2017,20.0,329.233,19.367,17,7,0.968,0.8666666666666667
New York,34,50,14,12,8,53,47,6,8,9,475,487,73,72,1,2017,25.0,359.977,21.175,17,5,0.847,1.1666666666666667
New York City,34,57,16,9,9,56,43,13,6,4,447,430,69,75,1,2017,30.321,379.455,22.321,17,1,0.736,1.7777777777777777
Orlando,34,39,10,15,9,39,58,-19,1,5,433,479,49,63,7,2017,25.5,425.477,25.028,17,9,0.982,0.6666666666666666
Philadelphia,34,42,11,14,9,50,47,3,7,7,432,366,52,52,2,2017,18.5,285.797,16.812,17,2,0.909,0.7857142857142857
Portland,34,53,15,11,8,60,50,10,11,4,454,381,82,66,5,2017,25.218,359.448,21.144,17,12,0.838,1.3636363636363635
Salt Lake,34,45,13,15,6,49,55,-6,4,4,445,356,64,65,4,2017,20.213,319.284,18.781,17,1,0.929,0.8666666666666667
San Jose,34,46,13,14,7,39,60,-21,1,3,366,410,67,54,7,2017,18.0,337.873,19.875,17,14,1.104,0.9285714285714286
Seattle,34,53,14,9,11,52,39,13,6,6,333,471,66,45,5,2017,37.722,742.314,43.666,17,17,1.158,1.5555555555555556
Toronto,34,69,20,5,9,74,37,37,11,6,354,361,50,45,1,2017,30.991,470.005,27.647,17,2,0.892,4.0
Vancouver,34,52,15,12,7,50,49,1,6,5,435,400,44,53,6,2017,22.12,364.073,21.416,17,7,0.968,1.25
Chicago,34,31,7,17,10,42,58,-16,2,3,412,370,88,42,3,2016,24.955,265.234,15.602,17,-,0.625,0.4117647058823529
Colorado,34,58,15,6,13,39,32,7,3,8,458,323,74,83,2,2016,18.086,276.721,16.278,17,4,0.9,2.5
Columbus,34,36,8,14,12,50,58,-8,7,6,312,353,104,33,3,2016,20.011,291.128,17.125,17,1,0.856,0.5714285714285714
D.C.,34,46,11,10,13,53,47,6,4,4,507,396,95,65,3,2016,20.0,290.381,17.081,17,2,0.854,1.1
Dallas,34,60,17,8,9,50,40,10,5,4,443,367,76,60,1,2016,20.5,239.601,14.094,17,-,0.688,2.125
Houston,34,34,7,14,13,39,45,-6,1,6,411,382,39,43,4,2016,22.039,323.361,19.021,17,-,0.863,0.5
Kansas City,34,47,13,13,8,42,41,1,5,4,420,392,62,60,5,2016,21.0,333.155,19.597,17,-,0.933,1.0
LAFC,34,52,12,6,16,54,39,15,6,4,361,375,59,52,3,2016,27.0,427.492,25.147,17,4,0.931,2.0
Montreal,34,45,11,11,12,49,53,-4,6,6,431,400,66,68,4,2016,20.341,351.366,20.669,17,9,1.016,1.0
New England,34,42,11,14,9,44,54,-10,4,9,426,390,72,55,4,2016,20.0,343.15,20.185,17,5,1.009,0.7857142857142857
New York,34,57,16,9,9,61,44,17,3,4,450,426,78,62,4,2016,25.0,350.535,20.62,17,1,0.825,1.7777777777777777
New York City,34,54,15,10,9,62,57,5,7,6,418,373,61,67,4,2016,30.321,462.336,27.196,17,2,0.897,1.5
Orlando,34,41,9,11,14,55,60,-5,7,7,457,414,48,73,4,2016,25.5,532.5,31.324,17,-,1.228,0.8181818181818182
Philadelphia,34,42,11,14,9,52,55,-3,8,1,389,421,49,57,5,2016,18.5,297.825,17.519,17,4,0.947,0.7857142857142857
Portland,34,44,12,14,8,48,53,-5,9,7,438,441,77,53,3,2016,25.218,359.448,21.144,17,13,0.838,0.8571428571428571
Salt Lake,34,46,12,12,10,44,46,-2,9,6,434,431,50,64,3,2016,20.213,335.909,19.759,17,3,0.978,1.0
San Jose,34,38,8,12,14,32,40,-8,5,5,413,465,69,52,2,2016,18.0,338.816,19.93,17,15,1.107,0.6666666666666666
Seattle,34,48,14,14,6,44,43,1,4,8,350,414,58,47,5,2016,37.722,724.809,42.636,17,8,1.13,1.0
Toronto,34,53,14,9,11,51,39,12,6,3,359,401,79,51,3,2016,30.991,451.917,26.583,17,-,0.858,1.5555555555555556
Vancouver,34,39,10,15,9,45,52,-7,8,8,479,341,55,57,8,2016,22.12,379.603,22.33,17,10,1.01,0.6666666666666666
Chicago,34,30,8,20,6,43,58,-15,8,4,441,450,81,67,3,2015,24.955,272.043,16.003,17,1,0.641,0.4
Colorado,34,37,9,15,10,33,43,-10,2,3,506,428,95,74,3,2015,18.086,266.168,15.657,17,1,0.866,0.6
Columbus,34,53,15,11,8,58,53,5,2,4,403,362,70,56,3,2015,20.011,280.716,16.513,17,1,0.825,1.3636363636363635
D.C.,34,51,15,13,6,43,45,-2,6,2,461,344,89,51,1,2015,20.0,276.152,16.244,17,2,0.812,1.1538461538461537
Dallas,34,60,18,10,6,52,39,13,5,9,413,394,57,52,4,2015,20.5,272.221,16.013,17,1,0.781,1.8
Houston,34,42,11,14,9,42,49,-7,4,5,441,414,49,58,4,2015,22.039,351.187,20.658,17,-,0.937,0.7857142857142857
Kansas City,34,51,14,11,9,48,45,3,6,2,454,405,59,67,3,2015,21.0,334.684,19.687,17,1,0.938,1.2727272727272727
LAFC,34,51,14,11,9,56,46,10,6,4,417,368,48,54,2,2015,27.0,397.668,23.392,17,8,0.866,1.2727272727272727
Montreal,34,51,15,13,6,48,44,4,6,7,424,367,66,77,9,2015,20.341,301.742,17.75,17,4,0.873,1.1538461538461537
New England,34,50,14,12,8,48,47,1,3,8,463,419,63,58,5,2015,20.0,333.652,19.627,17,1,0.981,1.1666666666666667
New York,34,60,18,10,6,62,43,19,11,3,438,444,111,62,3,2015,25.0,334.172,19.657,17,2,0.786,1.8
New York City,34,37,10,17,7,49,58,-9,9,7,452,403,78,75,5,2015,30.321,493.267,29.016,17,1,0.957,0.5882352941176471
Orlando,34,44,12,14,8,46,56,-10,6,7,467,450,82,72,10,2015,25.5,558.407,32.847,17,-,1.288,0.8571428571428571
Philadelphia,34,37,10,17,7,42,55,-13,2,6,374,413,70,54,5,2015,18.5,296.674,17.451,17,1,0.943,0.5882352941176471
Portland,34,53,15,11,8,41,39,2,6,4,420,449,78,49,3,2015,25.218,359.418,21.142,17,13,0.838,1.3636363636363635
Salt Lake,34,41,11,15,8,38,48,-10,5,10,436,447,70,72,9,2015,20.213,342.65,20.156,17,5,0.997,0.7333333333333333
San Jose,34,47,13,13,8,41,39,2,6,6,477,442,74,59,7,2015,18.0,356.646,20.979,17,9,1.166,1.0
Seattle,34,51,15,13,6,44,36,8,3,3,396,406,67,53,1,2015,37.722,752.192,44.247,17,2,1.173,1.1538461538461537
Toronto,34,49,15,15,4,58,58,0,7,8,430,427,67,58,4,2015,30.991,398.345,23.432,17,2,0.756,1.0
Vancouver,34,53,16,13,5,45,36,9,5,6,477,409,70,74,5,2015,22.12,348.624,20.507,17,9,0.927,1.2307692307692308
Chicago,34,36,6,10,18,41,51,-10,11,8,447,425,66,64,3,2014,24.955,273.293,16.076,17,-,0.644,0.6
Chivas,34,33,9,19,6,29,61,-32,7,5,488,367,52,72,9,2014,18.8,120.063,7.063,17,-,0.376,0.47368421052631576
Colorado,34,32,8,18,8,43,62,-19,10,7,392,348,88,52,5,2014,18.086,256.206,15.071,17,1,0.833,0.4444444444444444
Columbus,34,52,14,10,10,52,42,10,9,4,411,362,80,56,4,2014,20.011,287.606,16.918,17,2,0.845,1.4
D.C.,34,59,17,9,8,52,37,15,5,6,429,366,85,51,2,2014,20.0,289.506,17.03,17,1,0.852,1.8888888888888888
Dallas,34,54,16,12,6,55,45,10,9,5,417,416,76,53,9,2014,20.5,285.88,16.816,17,1,0.82,1.3333333333333333
Houston,34,39,11,17,6,39,58,-19,6,11,425,352,64,51,5,2014,22.039,341.967,20.116,17,3,0.913,0.6470588235294118
Kansas City,34,49,14,13,7,48,41,7,8,7,499,471,79,62,5,2014,21.0,340.058,20.003,17,12,0.953,1.0769230769230769
LAFC,34,61,17,7,10,69,37,32,8,3,394,387,55,48,2,2014,27.0,361.382,21.258,17,1,0.787,2.4285714285714284
Montreal,34,28,6,18,10,38,58,-20,2,7,457,358,89,58,6,2014,20.341,296.159,17.421,17,-,0.857,0.3333333333333333
New England,34,55,17,13,4,51,46,5,5,5,428,400,54,58,2,2014,20.0,283.583,16.681,17,-,0.834,1.3076923076923077
New York,34,50,13,10,11,55,50,5,8,10,400,351,87,53,3,2014,25.0,330.162,19.421,17,-,0.777,1.3
Philadelphia,34,42,10,12,12,51,51,0,7,7,413,390,76,37,5,2014,18.5,299.73,17.631,17,3,0.953,0.8333333333333334
Portland,34,49,12,9,13,61,52,9,4,10,451,501,96,52,2,2014,25.218,353.688,20.805,17,11,0.825,1.3333333333333333
Salt Lake,34,56,15,8,11,54,39,15,8,10,424,402,64,50,4,2014,20.213,345.971,20.351,17,9,1.007,1.875
San Jose,34,30,6,16,12,35,50,-15,3,10,413,408,53,59,3,2014,18.0,254.098,14.947,17,5,0.83,0.375
Seattle,34,64,20,10,4,65,50,15,7,7,453,473,63,56,3,2014,37.722,743.485,43.734,17,7,1.159,2.0
Toronto,34,41,11,15,8,44,54,-10,5,7,425,455,77,59,6,2014,30.991,375.463,22.086,17,7,0.713,0.7333333333333333
Vancouver,34,50,12,8,14,42,40,2,12,5,434,420,74,59,3,2014,22.12,346.943,20.408,17,7,0.923,1.5
Chicago,34,49,14,13,7,47,52,-5,5,4,394,372,62,49,5,2013,24.955,258.88,15.228,17,-,0.61,1.0769230769230769
Chivas,34,26,6,20,8,30,67,-37,3,6,465,377,52,65,7,2013,18.8,141.011,8.295,17,-,0.441,0.3
Colorado,34,51,14,11,9,45,38,7,4,8,426,373,71,42,4,2013,18.086,262.479,15.44,17,3,0.854,1.2727272727272727
Columbus,34,41,12,17,5,42,46,-4,9,5,460,416,89,63,2,2013,20.011,273.364,16.08,17,1,0.804,0.7058823529411765
D.C.,34,16,3,24,7,22,59,-37,3,7,393,388,101,52,0,2013,20.0,231.979,13.646,17,-,0.682,0.125
Dallas,34,44,11,12,11,48,52,-4,4,3,416,448,93,54,5,2013,20.5,261.346,15.373,17,1,0.75,0.9166666666666666
Houston,34,51,14,11,9,41,41,0,5,4,372,343,69,40,3,2013,22.039,338.69,19.923,17,5,0.904,1.2727272727272727
Kansas City,34,58,17,10,7,47,30,17,4,1,511,426,50,67,1,2013,21.0,335.058,19.709,17,17,0.939,1.7
LAFC,34,53,15,11,8,53,38,15,8,1,386,374,44,36,1,2013,27.0,377.08,22.181,17,2,0.822,1.3636363636363635
Montreal,34,49,14,13,7,50,49,1,4,6,370,459,125,62,1,2013,20.341,350.259,20.603,17,5,1.013,1.0769230769230769
New England,34,51,14,11,9,49,38,11,5,3,440,419,66,48,8,2013,20.0,252.346,14.844,17,2,0.742,1.2727272727272727
New York,34,59,17,9,8,58,41,17,3,10,437,327,96,40,5,2013,25.0,330.832,19.461,17,5,0.778,1.8888888888888888
Philadelphia,34,46,12,12,10,42,44,-2,0,1,439,392,78,63,3,2013,18.5,285.006,17.813,16,4,0.963,1.0
Portland,34,57,14,5,15,54,33,21,3,5,436,421,94,48,3,2013,25.218,351.222,20.66,17,17,0.819,2.8
Salt Lake,34,56,16,10,8,57,41,16,7,6,400,392,67,60,6,2013,20.213,326.699,19.218,17,5,0.951,1.6
San Jose,34,51,14,11,9,35,42,-7,2,3,411,399,86,59,7,2013,18.0,217.009,12.765,17,13,0.709,1.2727272727272727
Seattle,34,52,15,12,7,42,42,0,4,2,446,397,92,44,10,2013,37.722,748.652,44.038,17,14,1.167,1.25
Toronto,34,29,6,17,11,30,47,-17,2,3,435,404,76,67,6,2013,30.991,308.133,18.125,17,1,0.585,0.35294117647058826
Vancouver,34,48,13,12,9,53,45,8,6,3,387,379,72,46,1,2013,22.12,319.653,19.978,16,6,0.903,1.0833333333333333
Chicago,34,57,17,11,6,46,41,5,3,3,349,397,75,48,5,2012,24.955,278.947,16.409,17,2,0.658,1.5454545454545454
Chivas,34,30,7,18,9,24,58,-34,3,2,424,404,56,54,1,2012,18.8,221.95,13.056,17,1,0.695,0.3888888888888889
Colorado,34,37,11,19,4,44,50,-6,4,2,415,398,62,40,3,2012,18.086,257.972,15.175,17,2,0.839,0.5789473684210527
Columbus,34,52,15,12,7,44,44,0,3,5,412,370,111,54,2,2012,20.011,244.752,14.397,17,-,0.72,1.25
D.C.,34,58,17,10,7,53,43,10,2,3,390,365,106,47,3,2012,20.0,235.382,13.846,17,1,0.692,1.7
Dallas,34,39,9,13,12,42,47,-5,5,6,420,480,72,44,6,2012,20.5,241.39,14.199,17,3,0.693,0.6923076923076923
Houston,34,53,14,9,11,48,41,7,7,5,372,350,81,34,1,2012,22.039,356.086,20.946,17,8,0.95,1.5555555555555556
Kansas City,34,63,18,7,9,42,27,15,4,4,456,394,54,52,3,2012,21.0,329.874,19.404,17,16,0.924,2.5714285714285716
LAFC,34,54,16,12,6,59,47,12,4,4,421,359,67,50,2,2012,27.0,393.319,23.136,17,6,0.857,1.3333333333333333
Montreal,34,42,12,16,6,45,51,-6,9,8,427,395,114,55,3,2012,20.341,387.124,22.772,17,2,1.12,0.75
New England,34,35,9,17,8,39,44,-5,2,3,361,446,68,40,3,2012,20.0,238.025,14.001,17,2,0.7,0.5294117647058824
New York,34,57,16,9,9,57,46,11,3,1,410,330,77,59,2,2012,25.0,311.142,18.302,17,2,0.732,1.7777777777777777
Philadelphia,34,36,10,18,6,37,45,-8,6,4,464,417,93,57,5,2012,18.5,306.904,18.053,17,7,0.976,0.5555555555555556
Portland,34,34,8,16,10,34,56,-22,0,6,388,372,86,56,2,2012,25.218,347.446,20.438,17,17,0.811,0.5
Salt Lake,34,57,17,11,6,46,35,11,4,4,444,359,90,58,4,2012,20.213,324.482,19.087,17,8,0.944,1.5454545454545454
San Jose,34,66,19,6,9,72,43,29,8,5,439,381,91,58,5,2012,18.0,225.977,13.293,17,9,0.739,3.1666666666666665
Seattle,34,56,15,8,11,51,33,18,2,2,442,413,80,53,4,2012,37.722,732.761,43.104,17,10,1.143,1.875
Toronto,34,23,5,21,8,36,62,-26,2,2,428,331,76,54,2,2012,30.991,308.63,18.155,17,-,0.586,0.23809523809523808
Vancouver,34,43,11,13,10,35,41,-6,1,3,481,480,91,68,3,2012,22.12,331.081,19.475,17,5,0.88,0.8461538461538461
Chicago,34,43,9,9,16,46,45,1,2,4,467,381,75,65,4,2011,24.955,242.657,14.274,17,1,0.572,1.0
Chivas,34,36,8,14,12,41,43,-2,0,4,387,362,67,51,4,2011,18.8,252.102,14.83,17,1,0.789,0.5714285714285714
Colorado,34,49,12,9,13,44,41,3,4,2,374,398,83,58,5,2011,18.086,252.248,14.838,17,2,0.82,1.3333333333333333
Columbus,34,47,13,13,8,43,44,-1,9,4,413,391,117,50,3,2011,20.011,207.147,12.185,17,1,0.609,1.0
D.C.,34,39,9,13,12,49,52,-3,10,6,383,326,98,43,4,2011,20.0,258.332,15.196,17,-,0.76,0.6923076923076923
Dallas,34,52,15,12,7,42,39,3,2,4,413,428,96,54,4,2011,20.5,218.636,12.861,17,1,0.627,1.25
Houston,34,49,12,9,13,45,41,4,3,5,396,343,95,47,7,2011,22.039,300.796,17.694,17,-,0.803,1.3333333333333333
Kansas City,34,51,13,9,12,50,40,10,4,3,425,386,71,51,8,2011,21.0,302.776,17.81,17,9,0.848,1.4444444444444444
LAFC,34,67,19,5,10,48,28,20,4,4,396,403,84,52,4,2011,27.0,396.693,23.335,17,6,0.864,3.8
New England,34,28,5,16,13,38,58,-20,7,8,399,407,83,54,10,2011,20.0,224.77,13.222,17,-,0.661,0.3125
New York,34,46,10,8,16,50,44,6,5,6,420,334,125,57,4,2011,25.0,334.74,19.691,17,-,0.788,1.25
Philadelphia,34,48,11,8,15,44,36,8,4,3,400,362,81,46,3,2011,18.5,310.394,18.258,17,10,0.987,1.375
Portland,34,42,11,14,9,40,48,-8,5,5,347,387,119,50,3,2011,25.218,320.051,18.827,17,4,0.747,0.7857142857142857
Salt Lake,34,53,15,11,8,44,36,8,5,7,443,382,115,56,7,2011,20.213,299.099,17.594,17,3,0.87,1.3636363636363635
San Jose,34,38,8,12,14,40,45,-5,2,4,400,322,85,66,5,2011,18.0,201.587,11.858,17,9,0.659,0.6666666666666666
Seattle,34,63,18,7,9,56,37,19,9,4,430,360,85,62,2,2011,37.722,654.431,38.496,17,9,1.021,2.5714285714285716
Toronto,34,33,6,13,15,36,59,-23,2,4,413,364,62,53,4,2011,30.991,344.535,20.267,17,5,0.654,0.46153846153846156
Vancouver,34,28,6,18,10,35,55,-20,7,7,451,406,79,55,5,2011,22.12,347.011,20.412,17,-,0.923,0.3333333333333333
Chicago,30,36,9,12,9,37,38,-1,7,6,296,348,84,40,3,2010,24.955,237.216,15.814,15,3,0.634,0.75
Chivas,30,28,8,18,4,31,45,-14,5,5,333,290,86,47,2,2010,18.8,218.629,14.575,15,-,0.775,0.4444444444444444
Colorado,30,46,12,8,10,44,32,12,4,4,293,321,67,49,2,2010,18.086,199.929,13.329,15,-,0.737,1.5
Columbus,30,50,14,8,8,40,34,6,7,4,314,364,103,40,4,2010,20.011,219.628,14.642,15,-,0.732,1.75
D.C.,30,22,6,20,4,21,47,-26,3,2,322,353,71,49,2,2010,20.0,217.978,14.532,15,-,0.727,0.3
Dallas,30,50,12,4,14,42,28,14,9,2,339,352,93,48,3,2010,20.5,162.229,10.815,15,-,0.528,3.0
Houston,30,33,9,15,6,40,49,-9,4,0,299,330,107,46,8,2010,22.039,259.645,17.31,15,-,0.785,0.6
Kansas City,30,39,11,13,6,36,35,1,2,1,341,374,69,46,4,2010,21.0,154.306,10.287,15,12,0.49,0.8461538461538461
LAFC,30,59,18,7,5,44,26,18,4,1,356,295,68,50,1,2010,27.0,321.552,21.437,15,3,0.794,2.5714285714285716
New England,30,32,9,16,5,32,50,-18,3,2,328,336,78,45,4,2010,20.0,194.802,12.987,15,-,0.649,0.5625
New York,30,51,15,9,6,38,29,9,5,1,392,278,107,49,3,2010,25.0,276.616,18.441,15,1,0.738,1.6666666666666667
Philadelphia,30,31,8,15,7,35,49,-14,5,4,357,322,78,41,5,2010,18.5,288.795,19.253,15,4,1.041,0.5333333333333333
Salt Lake,30,56,15,4,11,45,20,25,4,4,335,348,95,51,0,2010,20.213,256.418,17.095,15,1,0.846,3.75
San Jose,30,46,13,10,7,34,33,1,3,0,286,305,83,40,4,2010,18.0,144.886,9.659,15,6,0.537,1.3
Seattle,30,48,14,10,6,39,35,4,6,5,333,385,84,47,2,2010,37.722,542.6,36.173,15,-,0.959,1.4
Toronto,30,35,9,13,8,33,41,-8,7,7,351,267,87,58,7,2010,30.991,306.795,20.453,15,5,0.66,0.6923076923076923
Chicago,30,45,11,7,12,39,34,5,5,5,251,372,70,46,4,2009,24.955,220.331,14.689,15,1,0.589,1.5714285714285714
Chivas,30,45,13,11,6,34,31,3,4,3,412,316,94,63,7,2009,18.8,226.375,15.092,15,-,0.803,1.1818181818181819
Colorado,30,40,10,10,10,42,38,4,8,5,330,319,66,55,2,2009,18.086,184.963,12.331,15,-,0.682,1.0
Columbus,30,49,13,7,10,41,31,10,5,1,354,375,88,57,7,2009,20.011,216.699,14.447,15,-,0.722,1.8571428571428572
D.C.,30,40,9,8,13,43,44,-1,8,5,356,319,74,66,4,2009,20.0,241.322,16.088,15,-,0.804,1.125
Dallas,30,39,11,13,6,50,47,3,5,4,299,362,74,52,5,2009,20.5,186.612,12.441,15,-,0.607,0.8461538461538461
Houston,30,48,13,8,9,39,29,10,4,2,354,374,90,55,8,2009,22.039,255.712,17.047,15,-,0.774,1.625
Kansas City,30,33,8,13,9,33,42,-9,4,3,338,339,76,57,6,2009,21.0,150.802,10.053,15,2,0.479,0.6153846153846154
LAFC,30,48,12,6,12,36,31,5,6,5,389,343,50,49,7,2009,27.0,306.24,20.416,15,2,0.756,2.0
New England,30,42,11,10,9,33,37,-4,5,2,326,387,63,50,4,2009,20.0,205.959,13.731,15,-,0.687,1.1
New York,30,21,5,19,6,27,47,-20,7,5,358,328,74,45,8,2009,25.0,187.359,12.491,15,-,0.5,0.2631578947368421
Salt Lake,30,40,11,12,7,43,35,8,3,1,370,308,64,69,8,2009,20.213,245.628,16.375,15,-,0.81,0.9166666666666666
San Jose,30,30,7,14,9,36,50,-14,5,3,341,337,68,61,1,2009,18.0,211.717,14.114,15,2,0.784,0.5
Seattle,30,47,12,7,11,38,29,9,3,1,353,402,91,59,8,2009,37.722,466.455,31.097,15,-,0.824,1.7142857142857142
Toronto,30,39,10,11,9,37,46,-9,5,4,328,277,102,57,3,2009,30.991,305.167,20.344,15,1,0.657,0.9090909090909091
Chicago,30,46,13,10,7,44,33,11,3,0,333,390,72,55,2,2008,24.955,255.511,17.034,15,2,0.683,1.3
Chivas,30,43,12,11,7,40,41,-1,4,3,495,378,88,65,6,2008,18.8,226.717,15.114,15,1,0.804,1.0909090909090908
Colorado,30,38,11,14,5,44,45,-1,7,4,346,376,68,47,5,2008,18.086,204.884,13.659,15,2,0.755,0.7857142857142857
Columbus,30,57,17,7,6,50,36,14,5,2,326,401,73,52,4,2008,20.011,219.332,14.622,15,1,0.731,2.4285714285714284
D.C.,30,37,11,15,4,43,51,-8,5,0,379,377,78,66,6,2008,20.0,297.531,19.835,15,-,0.992,0.7333333333333333
Dallas,30,36,8,10,12,45,41,4,4,2,371,380,95,55,7,2008,20.5,195.356,13.024,15,1,0.635,0.8
Houston,30,51,13,5,12,45,32,13,4,0,375,385,110,53,3,2008,22.039,254.083,16.939,15,-,0.769,2.6
Kansas City,30,42,11,10,9,37,39,-2,4,3,321,379,103,49,2,2008,21.0,160.286,10.686,15,5,0.509,1.1
LAFC,30,33,8,13,9,55,62,-7,4,4,381,350,87,52,3,2008,27.0,390.132,26.009,15,10,0.963,0.6153846153846154
New England,30,43,12,11,7,40,43,-3,4,3,358,417,49,44,5,2008,20.0,263.706,17.58,15,-,0.879,1.0909090909090908
New York,30,39,10,11,9,42,48,-6,3,2,413,341,82,56,5,2008,25.0,238.925,15.928,15,-,0.637,0.9090909090909091
Salt Lake,30,40,10,10,10,40,39,1,4,4,388,355,67,52,3,2008,20.213,242.69,16.179,15,1,0.8,1.0
San Jose,30,33,8,13,9,32,38,-6,5,3,382,353,78,58,4,2008,18.0,205.695,13.713,15,4,0.762,0.6153846153846154
Toronto,30,35,9,13,8,34,43,-9,7,6,343,329,95,50,5,2008,30.991,301.793,20.12,15,-,0.649,0.6923076923076923
Chicago,30,40,10,10,10,31,36,-5,6,6,393,420,91,60,5,2007,24.955,247.356,16.49,15,6,0.661,1.0
Chivas,30,53,15,7,8,46,28,18,3,2,434,412,98,62,4,2007,18.8,214.578,14.305,15,2,0.761,2.142857142857143
Colorado,30,35,9,13,8,29,34,-5,5,2,444,403,82,60,7,2007,18.086,221.229,14.749,15,5,0.816,0.6923076923076923
Columbus,30,37,9,11,10,39,44,-5,3,2,417,482,103,46,3,2007,20.011,226.706,15.114,15,1,0.755,0.8181818181818182
D.C.,30,55,16,7,7,56,34,22,7,1,509,366,115,65,2,2007,20.0,314.506,20.967,15,1,1.048,2.2857142857142856
Dallas,30,44,13,12,5,37,44,-7,5,3,465,445,82,64,4,2007,20.5,227.182,15.145,15,-,0.739,1.0833333333333333
Houston,30,52,15,8,7,43,23,20,3,2,410,455,125,49,4,2007,22.039,238.24,15.883,15,-,0.721,1.875
Kansas City,30,40,11,12,7,45,45,0,7,6,387,483,103,58,3,2007,21.0,173.784,11.586,15,-,0.552,0.9166666666666666
LAFC,30,34,9,14,7,38,48,-10,7,4,354,385,96,48,5,2007,27.0,363.782,24.252,15,6,0.898,0.6428571428571429
New England,30,50,14,8,8,51,43,8,4,3,381,461,83,47,1,2007,20.0,251.132,16.742,15,-,0.837,1.75
New York,30,43,12,11,7,47,45,2,6,4,424,361,102,39,4,2007,25.0,247.948,16.53,15,-,0.661,1.0909090909090908
Salt Lake,30,27,6,15,9,31,45,-14,6,4,412,428,90,63,5,2007,20.213,239.395,15.96,15,-,0.79,0.4
Toronto,30,25,6,17,7,25,49,-24,8,8,494,422,78,62,7,2007,30.991,301.947,20.13,15,1,0.65,0.35294117647058826
Chicago,32,47,13,11,8,43,41,2,6,3,457,466,84,53,2,2006,24.955,225.411,14.088,16,2,0.565,1.1818181818181819
Chivas,32,43,10,9,13,45,42,3,4,2,437,401,129,56,3,2006,18.8,317.462,19.841,16,1,1.055,1.1111111111111112
Colorado,32,41,11,13,8,36,49,-13,5,4,420,402,100,65,6,2006,18.086,192.894,12.056,16,-,0.667,0.8461538461538461
Columbus,32,33,8,15,9,30,42,-12,5,1,512,468,117,56,5,2006,20.011,212.699,13.294,16,-,0.664,0.5333333333333333
D.C.,32,55,15,7,10,52,38,14,9,8,454,433,91,63,5,2006,20.0,291.442,18.215,16,-,0.911,2.142857142857143
Dallas,32,52,16,12,4,48,44,4,1,1,476,419,105,58,2,2006,20.5,239.714,14.982,16,-,0.731,1.3333333333333333
Houston,32,46,11,8,13,44,40,4,3,3,502,530,101,51,7,2006,22.039,302.957,18.935,16,-,0.859,1.375
Kansas City,32,38,10,14,8,43,45,-2,6,5,399,460,86,51,4,2006,21.0,177.322,11.083,16,-,0.528,0.7142857142857143
LAFC,32,39,11,15,6,37,37,0,3,2,532,501,86,57,0,2006,27.0,333.016,20.814,16,3,0.771,0.7333333333333333
New England,32,48,12,8,12,39,35,4,3,1,422,515,94,58,1,2006,20.0,188.569,11.786,16,-,0.589,1.5
New York,32,39,9,11,12,41,41,0,5,4,540,450,109,63,4,2006,25.0,233.112,14.57,16,-,0.583,0.8181818181818182
Salt Lake,32,39,10,13,9,45,49,-4,6,1,422,416,123,59,5,2006,20.213,261.855,16.366,16,-,0.81,0.7692307692307693
Chicago,32,49,15,13,4,49,50,-1,7,5,454,448,89,45,3,2005,24.955,275.811,17.238,16,-,0.691,1.1538461538461537
Chivas,32,18,4,22,6,31,67,-36,9,7,521,452,89,70,4,2005,18.8,266.468,16.654,16,-,0.886,0.18181818181818182
Colorado,32,45,13,13,6,40,37,3,7,6,491,451,105,72,6,2005,18.086,218.206,13.638,16,-,0.754,1.0
Columbus,32,38,11,16,5,34,45,-11,5,2,456,415,106,53,3,2005,20.011,206.654,12.916,16,-,0.645,0.6875
D.C.,32,54,16,10,6,58,37,21,9,5,504,470,88,61,5,2005,20.0,266.617,16.664,16,-,0.833,1.6
Dallas,32,48,13,10,9,52,44,8,4,2,557,403,97,63,2,2005,20.5,179.021,11.189,16,-,0.546,1.3
Kansas City,32,45,11,9,12,52,44,8,2,1,389,464,102,42,1,2005,21.0,155.06,9.691,16,-,0.462,1.2222222222222223
LAFC,32,45,13,13,6,44,45,-1,6,6,449,484,108,59,2,2005,27.0,387.256,24.204,16,7,0.896,1.0
New England,32,59,17,7,8,55,37,18,6,5,440,459,85,55,2,2005,20.0,200.397,12.525,16,-,0.626,2.4285714285714284
New york,32,47,12,9,11,53,49,4,7,3,458,406,124,65,4,2005,25.0,241.23,15.077,16,-,0.603,1.3333333333333333
Salt Lake,32,20,5,22,5,30,65,-35,4,4,423,458,90,60,6,2005,20.213,288.586,18.037,16,-,0.892,0.22727272727272727
San Jose,32,64,18,4,10,53,31,22,5,4,528,590,96,54,4,2005,18.0,208.594,13.037,16,-,0.724,4.5
Chicago,30,33,8,13,9,36,44,-8,6,5,420,504,79,51,5,2004,24.955,257.295,17.153,15,-,0.687,0.6153846153846154
Colorado,30,41,10,9,11,29,32,-3,7,5,463,385,102,47,4,2004,18.086,212.925,14.195,15,-,0.785,1.1111111111111112
Columbus,30,49,12,5,13,40,32,8,8,7,464,398,75,49,2,2004,20.011,253.079,16.872,15,-,0.843,2.4
D.C.,30,42,11,10,9,43,42,1,5,4,542,410,75,66,3,2004,20.0,258.484,17.232,15,-,0.862,1.1
Dallas,30,36,10,14,6,34,45,-11,2,1,499,373,71,60,5,2004,20.5,136.319,9.088,15,-,0.443,0.7142857142857143
Kansas City,30,49,14,9,7,38,30,8,5,3,405,429,67,43,4,2004,21.0,222.235,14.816,15,-,0.706,1.5555555555555556
LAFC,30,43,11,9,10,42,40,2,5,4,484,469,75,60,1,2004,27.0,357.137,23.809,15,5,0.882,1.2222222222222223
New England,30,33,8,13,9,42,43,-1,6,4,406,477,72,48,3,2004,20.0,158.119,11.294,14,-,0.565,0.6153846153846154
New york,30,40,11,12,7,47,49,-2,8,4,430,500,48,53,2,2004,25.0,257.923,17.195,15,-,0.688,0.9166666666666666
San Jose,30,38,9,10,11,41,35,6,5,2,460,499,72,52,6,2004,18.0,220.281,13.768,16,-,0.765,0.9
Chicago,30,53,15,7,8,53,43,10,9,4,491,511,98,50,3,2003,24.955,210.08,14.005,15,-,0.561,2.142857142857143
Colorado,30,40,11,12,7,40,45,-5,8,7,482,409,96,52,5,2003,18.086,251.578,16.772,15,-,0.927,0.9166666666666666
Columbus,30,38,10,12,8,44,44,0,8,8,476,462,88,65,2,2003,20.011,243.756,16.25,15,-,0.812,0.8333333333333334
D.C.,30,39,10,11,9,38,36,2,8,5,530,508,67,69,4,2003,20.0,233.476,15.565,15,-,0.778,0.9090909090909091
Dallas,30,23,6,19,5,35,64,-29,10,6,509,393,102,52,6,2003,20.5,118.585,7.906,15,-,0.386,0.3157894736842105
Kansas City,30,42,11,10,9,48,44,4,6,6,422,431,84,58,2,2003,21.0,233.594,15.573,15,-,0.742,1.1
LAFC,30,36,9,12,9,35,35,0,8,3,494,468,85,52,3,2003,27.0,329.752,21.983,15,3,0.814,0.75
New England,30,45,12,9,9,55,47,8,5,4,458,483,65,45,5,2003,20.0,219.611,14.641,15,-,0.732,1.3333333333333333
New york,30,42,11,10,9,40,40,0,7,3,498,510,63,53,4,2003,25.0,237.326,15.822,15,-,0.633,1.1
San Jose,30,51,14,7,9,45,35,10,2,1,476,409,77,53,4,2003,18.0,156.98,10.465,15,-,0.581,2.0
Chicago,28,37,11,13,4,43,38,5,4,3,472,479,73,58,3,2002,24.955,180.908,12.922,14,-,0.518,0.8461538461538461
Colorado,28,43,13,11,4,43,48,-5,6,3,469,390,87,63,3,2002,18.086,289.633,20.688,14,-,1.144,1.1818181818181819
Columbus,28,38,11,12,5,44,43,1,5,2,482,470,93,60,4,2002,20.011,243.999,17.429,14,-,0.871,0.9166666666666666
D.C.,28,32,9,14,5,31,40,-9,6,5,492,442,99,69,4,2002,20.0,231.264,16.519,14,-,0.826,0.6428571428571429
Dallas,28,43,12,9,7,44,43,1,6,5,470,411,91,57,4,2002,20.5,183.702,13.122,14,-,0.64,1.3333333333333333
Kansas City,28,36,9,10,9,37,45,-8,6,1,362,442,92,47,6,2002,21.0,171.568,12.255,14,-,0.584,0.9
LAFC,28,51,16,9,3,44,33,11,5,3,456,407,68,53,5,2002,27.0,266.664,19.047,14,-,0.706,1.7777777777777777
New England,28,38,12,14,2,49,49,0,4,3,463,425,64,50,3,2002,20.0,236.973,16.927,14,-,0.846,0.8571428571428571
New york,28,35,11,15,2,41,47,-6,9,3,445,515,87,60,9,2002,25.0,254.074,18.148,14,-,0.726,0.7333333333333333
San Jose,28,45,14,11,3,45,35,10,6,5,448,383,75,55,3,2002,18.0,156.104,11.15,14,-,0.62,1.2727272727272727
Chicago,27,53,16,6,5,50,30,20,6,3,458,488,91,53,6,2001,24.955,228.438,16.317,14,-,0.654,2.6666666666666665
Colorado,26,23,5,13,8,36,47,-11,4,4,427,405,89,45,3,2001,18.086,214.249,16.481,13,-,0.911,0.38461538461538464
Columbus,26,45,13,7,6,49,36,13,3,2,374,418,72,40,6,2001,20.011,227.644,17.511,13,-,0.875,1.8571428571428572
D.C.,26,26,8,16,2,42,50,-8,6,4,509,459,78,64,3,2001,20.0,258.213,21.518,12,-,1.076,0.5
Dallas,26,35,10,11,5,48,47,1,6,2,465,334,87,57,3,2001,20.5,163.465,12.574,13,-,0.613,0.9090909090909091
Kansas City,27,36,11,13,3,33,53,-20,3,2,424,419,81,45,3,2001,21.0,142.402,10.954,13,-,0.522,0.8461538461538461
LAFC,26,47,14,7,5,52,36,16,7,2,432,404,99,50,1,2001,27.0,226.035,17.387,13,-,0.644,2.0
Miami,26,53,16,5,5,57,36,21,5,3,390,398,84,59,5,2001,17.417,156.481,11.177,14,-,0.642,3.2
New England,27,27,7,14,6,35,52,-17,9,2,483,457,88,60,3,2001,20.0,203.501,15.654,13,-,0.783,0.5
New york,26,42,13,10,3,38,35,3,3,3,465,438,72,59,5,2001,25.0,270.477,20.806,13,-,0.832,1.3
San Jose,26,45,13,7,6,47,29,18,4,3,398,385,90,37,3,2001,18.0,125.25,9.635,13,-,0.535,1.8571428571428572
Tampa Bay,27,14,4,21,2,32,68,-36,8,7,386,361,100,57,6,2001,65.89,146.714,10.48,14,-,0.159,0.19047619047619047
Chicago,32,57,17,9,6,67,51,16,10,3,545,564,75,71,7,2000,24.955,214.189,13.387,16,-,0.536,1.8888888888888888
Colorado,32,43,13,15,4,43,59,-16,7,3,581,526,116,56,2,2000,18.086,201.28,12.58,16,-,0.696,0.8666666666666667
Columbus,32,38,11,16,5,48,58,-10,7,6,498,543,78,63,2,2000,20.011,247.22,15.451,16,-,0.772,0.6875
D.C.,32,29,8,18,5,44,63,-19,6,6,618,531,111,72,3,2000,20.0,297.279,18.58,16,-,0.929,0.4444444444444444
Dallas,32,46,14,14,4,54,54,0,5,4,588,521,103,62,4,2000,20.5,209.637,13.102,16,-,0.639,1.0
Kansas City,32,56,16,7,8,47,29,18,6,3,503,541,96,52,2,2000,21.0,133.214,8.326,16,-,0.397,2.2857142857142856
LAFC,32,50,14,10,8,47,37,10,7,3,516,504,113,53,4,2000,27.0,323.783,20.236,16,-,0.75,1.4
Miami,32,41,12,15,5,54,56,-2,7,4,516,540,132,60,9,2000,17.417,119.371,7.461,16,-,0.428,0.8
New England,32,45,13,13,6,47,49,-2,6,2,569,526,109,68,2,2000,20.0,247.409,15.463,16,-,0.773,1.0
New york,32,54,17,12,3,64,56,8,10,8,593,520,108,69,11,2000,25.0,281.878,17.617,16,-,0.705,1.4166666666666667
San Jose,32,29,7,17,8,35,50,-15,5,4,527,473,113,59,6,2000,18.0,199.364,12.46,16,-,0.692,0.4117647058823529
Tampa Bay,32,52,16,12,4,62,50,12,8,2,434,446,130,51,3,2000,65.89,151.232,9.452,16,-,0.144,1.3333333333333333
Chicago,32,48,18,14,0,51,36,13,5,22,495,450,98,56,6,1999,24.955,256.261,16.016,16,-,0.642,1.2857142857142858
Colorado,32,48,20,12,0,38,39,2,5,22,493,458,113,45,2,1999,18.086,224.459,14.029,16,-,0.776,1.6666666666666667
Columbus,32,45,19,13,0,48,39,11,4,20,474,471,115,41,0,1999,20.011,283.229,17.702,16,2,0.885,1.4615384615384615
D.C.,32,57,23,9,0,65,43,25,4,17,505,480,90,60,9,1999,20.0,278.711,17.419,16,3,0.871,2.5555555555555554
Dallas,32,51,19,13,0,54,35,16,3,22,448,446,115,45,5,1999,20.5,195.381,12.211,16,-,0.596,1.4615384615384615
Kansas City,32,20,8,24,0,33,53,-24,4,22,420,428,74,47,4,1999,21.0,130.924,8.183,16,-,0.39,0.3333333333333333
LAFC,32,54,20,12,0,49,29,19,4,22,457,425,115,53,2,1999,27.0,282.113,17.632,16,-,0.653,1.6666666666666667
Miami,32,29,13,19,0,42,59,-16,3,19,482,447,111,59,7,1999,17.417,139.021,8.689,16,-,0.499,0.6842105263157895
New England,32,26,12,20,0,38,53,-17,3,31,504,428,95,56,5,1999,20.0,267.752,16.735,16,-,0.837,0.6
New york,32,15,7,25,0,32,64,-34,5,19,398,419,96,48,6,1999,25.0,235.301,14.706,16,-,0.588,0.28
San Jose,32,37,19,13,0,48,49,6,7,25,510,412,82,59,3,1999,18.0,239.35,14.959,16,-,0.831,1.4615384615384615
Tampa Bay,32,32,14,18,0,51,50,-1,4,27,377,430,84,45,7,1999,65.89,209.7,13.106,16,-,0.199,0.7777777777777778
Chicago,32,56,20,12,0,62,45,18,4,8,436,462,103,40,3,1998,24.955,286.19,17.887,16,-,0.717,1.6666666666666667
Colorado,32,44,16,16,0,62,69,-7,5,11,397,415,114,59,5,1998,18.086,236.995,14.812,16,-,0.819,1.0
Columbus,32,45,15,17,0,67,56,6,6,20,456,503,98,42,3,1998,20.011,196.394,12.275,16,-,0.613,0.8823529411764706
D.C.,32,58,24,8,0,74,48,30,9,24,453,413,99,54,5,1998,20.0,256.127,16.008,16,-,0.8,3.0
Dallas,32,37,15,17,0,43,59,-14,5,16,433,383,83,63,6,1998,20.5,175.144,10.947,16,-,0.534,0.8823529411764706
Kansas City,32,32,12,20,0,45,50,-7,7,19,466,435,88,35,5,1998,21.0,129.163,8.073,16,-,0.384,0.6
LAFC,32,68,24,8,0,85,44,41,6,10,464,378,105,48,7,1998,27.0,348.549,21.784,16,-,0.807,3.0
Miami,32,35,15,17,0,46,68,-17,5,9,459,447,117,66,6,1998,17.417,164.548,10.284,16,-,0.591,0.8823529411764706
New England,32,29,11,21,0,53,66,-15,5,19,521,369,111,50,6,1998,20.0,307.044,19.19,16,-,0.96,0.5238095238095238
New york,32,39,15,17,0,54,63,-6,6,10,453,446,97,59,9,1998,25.0,264.316,16.52,16,-,0.661,0.8823529411764706
San Jose,32,33,13,19,0,48,60,-14,4,22,479,468,119,52,2,1998,18.0,218.45,13.653,16,-,0.759,0.6842105263157895
Tampa Bay,32,34,12,20,0,46,57,-15,6,20,385,413,135,51,4,1998,65.89,165.001,10.313,16,-,0.157,0.6
Colorado,32,38,14,18,0,50,59,-10,6,17,475,426,126,42,2,1997,18.086,189.095,11.818,16,-,0.654,0.7777777777777778
Columbus,32,39,15,17,0,42,41,0,5,20,439,484,108,33,3,1997,20.011,240.68,15.043,16,-,0.752,0.8823529411764706
D.C.,32,55,21,11,0,70,53,17,9,22,397,423,149,36,2,1997,20.0,267.251,16.703,16,-,0.835,1.9090909090909092
Dallas,32,42,16,16,0,55,49,7,10,15,478,465,125,44,4,1997,20.5,154.843,9.678,16,-,0.472,1.0
Kansas City,32,49,21,11,0,57,51,11,6,22,481,407,117,49,3,1997,21.0,144.943,9.059,16,-,0.431,1.9090909090909092
LAFC,32,44,16,16,0,55,44,9,6,20,464,464,124,51,5,1997,27.0,330.065,20.629,16,-,0.764,1.0
New England,32,37,15,17,0,40,53,-13,5,20,534,455,105,47,3,1997,20.0,340.236,21.265,16,-,1.063,0.8823529411764706
New York,32,35,13,19,0,43,53,-10,8,15,440,503,105,50,3,1997,25.0,270.388,16.899,16,-,0.676,0.6842105263157895
San Jose,32,30,12,20,0,55,59,-7,6,28,458,463,144,43,4,1997,18.0,217.096,13.569,16,-,0.754,0.6
Tampa Bay,32,45,17,15,0,55,60,-4,4,13,417,489,138,62,7,1997,65.89,181.321,11.333,16,-,0.172,1.1333333333333333
Colorado,32,29,11,21,0,44,59,-17,4,18,394,389,105,48,2,1996,18.086,164.513,10.282,16,-,0.569,0.5238095238095238
Columbus,32,37,15,17,0,59,60,-2,7,27,415,520,99,42,5,1996,20.011,303.182,18.949,16,-,0.947,0.8823529411764706
D.C.,32,46,16,16,0,62,56,4,8,16,417,403,89,47,2,1996,20.0,244.299,15.269,16,1,0.763,1.0
Dallas,32,41,17,15,0,50,48,4,5,19,425,472,98,53,4,1996,20.5,255.558,15.972,16,-,0.779,1.1333333333333333
Kansas City,32,41,17,15,0,61,63,1,8,20,412,404,94,35,3,1996,21.0,206.044,12.878,16,-,0.613,1.1333333333333333
LAFC,32,49,19,13,0,59,49,10,6,25,461,415,94,57,1,1996,27.0,463.665,28.979,16,-,1.073,1.4615384615384615
New England,32,33,15,17,0,43,56,-9,7,15,514,436,117,63,5,1996,20.0,304.392,19.025,16,-,0.951,0.8823529411764706
New York,32,39,15,17,0,45,47,-1,5,12,430,452,118,61,4,1996,25.0,379.46,23.716,16,-,0.949,0.8823529411764706
San Jose,32,39,15,17,0,50,50,-3,4,30,515,485,137,59,4,1996,18.0,275.658,17.229,16,-,0.957,0.8823529411764706
Tampa Bay,32,58,20,12,0,66,51,13,10,19,449,410,147,57,2,1996,65.89,186.856,11.679,16,-,0.177,1.6666666666666667
