Club,GamesPlayed,TotalPoints,TotalWins,TotalLosses,Draws,Goals,GoalsAgainst,GoalsDifferential,PenaltyKickTaken,PenaltyKickConceded,Fouls,FoulsSuffered,Offsides,YellowCards,RedCards,Year
Cincinnati,34,69,20,5,9,57,39,18,9,5,422,429,53,75,5,2023
Orlando,34,63,18,7,9,55,39,16,5,3,394,451,51,68,1,2023
Columbus,34,57,16,9,9,67,46,21,7,4,384,341,52,59,1,2023
St. Louis,34,56,17,12,5,62,45,17,5,7,481,356,42,77,4,2023
Philadelphia,34,55,15,9,10,57,41,16,11,6,465,368,90,82,5,2023
New England,34,55,15,9,10,58,46,12,3,4,353,374,59,50,2,2023
Seattle,34,53,14,9,11,41,32,9,1,1,348,376,55,59,2,2023
LAFC,34,52,14,10,10,54,39,15,9,5,443,370,61,73,1,2023
Houston,34,51,14,11,9,51,38,13,6,6,435,381,59,92,5,2023
Atlanta,34,51,13,9,12,66,53,13,4,4,409,380,58,71,4,2023
Salt Lake,34,50,14,12,8,48,50,-2,0,5,390,340,79,73,2,2023
Nashville,34,49,13,11,10,39,32,7,5,5,376,369,82,70,6,2023
Vancouver,34,48,12,10,12,55,48,7,8,1,408,358,59,66,1,2023
Dallas,34,46,11,10,13,41,37,4,1,3,384,366,59,68,2,2023
Kansas City,34,44,12,14,8,48,51,-3,6,7,334,376,44,57,4,2023
San Jose,34,44,10,10,14,39,43,-4,6,7,344,358,53,72,4,2023
New York,34,43,11,13,10,36,39,-3,4,7,497,447,51,87,4,2023
Portland,34,43,11,13,10,46,58,-12,1,3,466,375,39,82,0,2023
Charlotte,34,43,10,11,13,45,52,-7,5,7,455,368,44,87,0,2023
Montréal,34,41,12,17,5,36,52,-16,3,3,416,360,59,69,3,2023
Minnesota,34,41,10,13,11,46,51,-5,5,1,342,323,72,58,1,2023
New York City,34,41,9,11,14,35,39,-4,3,4,405,428,68,80,1,2023
D.C.,34,40,10,14,10,45,49,-4,2,5,463,408,74,69,2,2023
Chicago,34,40,10,14,10,39,51,-12,2,11,393,430,69,80,6,2023
Austin,34,39,10,15,9,49,55,-6,2,3,340,363,59,58,2,2023
LA,34,36,8,14,12,51,67,-16,5,4,364,413,42,72,4,2023
Miami,34,34,9,18,7,41,54,-13,6,1,412,363,62,83,3,2023
Colorado,34,27,5,17,12,26,54,-28,4,3,403,320,42,83,4,2023
Toronto,34,22,4,20,10,26,59,-33,1,4,322,424,58,51,3,2023
LAFC,34,67,21,9,4,66,38,28,7,4,463,400,48,79,2,2022
Philadelphia,34,67,19,5,10,72,26,46,10,5,488,366,57,66,3,2022
Montréal,34,65,20,9,5,63,50,13,7,6,382,408,50,77,3,2022
Austin,34,56,16,10,8,65,49,16,4,7,420,353,64,71,4,2022
New York City,34,55,16,11,7,57,41,16,9,1,411,426,53,80,2,2022
New York,34,53,15,11,8,50,41,9,10,1,525,381,52,83,5,2022
Dallas,34,53,14,9,11,48,37,11,1,7,402,366,55,76,3,2022
LA,34,50,14,12,8,58,51,7,14,7,409,371,56,80,4,2022
Nashville,34,50,13,10,11,52,41,11,9,9,388,367,68,74,2,2022
Cincinnati,34,49,12,9,13,64,56,8,5,10,426,343,56,75,4,2022
Minnesota,34,48,14,14,6,48,51,-3,4,5,402,354,52,79,2,2022
Miami,34,48,14,14,6,47,56,-9,5,5,405,344,67,68,5,2022
Orlando,34,48,14,14,6,44,53,-9,4,6,395,480,42,78,3,2022
Salt Lake,34,47,12,11,11,43,45,-2,2,9,351,331,65,68,1,2022
Portland,34,46,11,10,13,53,53,0,11,2,450,372,28,91,5,2022
Columbus,34,46,10,8,16,46,41,5,2,4,359,483,60,65,1,2022
Vancouver,34,43,12,15,7,40,57,-17,5,7,384,376,52,68,3,2022
Colorado,34,43,11,13,10,46,57,-11,5,11,422,367,55,90,6,2022
Charlotte,34,42,13,18,3,44,52,-8,4,4,429,371,33,61,2,2022
New England,34,42,10,12,12,47,50,-3,6,12,342,352,48,57,2,2022
Seattle,34,41,12,17,5,47,46,1,7,7,335,405,61,63,4,2022
Kansas City,34,40,11,16,7,42,54,-12,5,6,375,410,26,62,6,2022
Atlanta,34,40,10,14,10,48,54,-6,3,6,387,390,64,69,3,2022
Chicago,34,39,10,15,9,39,48,-9,5,5,468,436,77,82,5,2022
Houston,34,36,10,18,6,43,56,-13,6,8,384,325,52,91,6,2022
San Jose,34,35,8,15,11,52,69,-17,7,6,377,456,39,68,2,2022
Toronto,34,34,9,18,7,49,66,-17,8,4,333,433,41,67,2,2022
D.C.,34,27,7,21,6,36,71,-35,4,5,463,353,50,70,5,2022
New England,34,73,22,5,7,65,41,24,3,4,374,405,44,53,3,2021
Colorado,34,61,17,7,10,51,35,16,3,1,402,310,60,73,1,2021
Seattle,34,60,17,8,9,53,33,20,6,4,379,448,44,58,0,2021
Kansas City,34,58,17,10,7,58,40,18,6,2,347,401,40,50,2,2021
Portland,34,55,17,13,4,56,52,4,4,8,414,384,39,69,2,2021
Philadelphia,34,54,14,8,12,48,35,13,3,6,431,355,66,71,3,2021
Nashville,34,54,12,4,18,55,33,22,3,5,437,381,61,53,1,2021
New York City,34,51,14,11,9,56,36,20,5,3,506,403,61,72,8,2021
Atlanta,34,51,13,9,12,45,37,8,6,5,388,507,58,63,3,2021
Orlando,34,51,13,9,12,50,48,2,8,3,398,419,48,67,3,2021
Minnesota,34,49,13,11,10,42,44,-2,3,6,427,381,47,56,3,2021
Vancouver,34,49,12,9,13,45,45,0,4,5,404,400,55,56,0,2021
Salt Lake,34,48,14,14,6,55,54,1,3,4,366,339,39,71,1,2021
New York,34,48,13,12,9,39,33,6,4,4,509,373,64,72,2,2021
LA,34,48,13,12,9,50,54,-4,6,6,384,360,54,54,1,2021
D.C.,34,47,14,15,5,56,54,2,11,1,513,406,56,69,2,2021
Columbus,34,47,13,13,8,46,45,1,4,5,357,430,48,50,1,2021
Montréal,34,46,12,12,10,46,44,2,4,5,415,381,54,62,5,2021
LAFC,34,45,12,13,9,53,51,2,8,0,446,387,49,54,1,2021
Miami,34,41,12,17,5,36,53,-17,4,4,441,421,66,81,4,2021
San Jose,34,41,10,13,11,46,54,-8,5,5,427,473,40,81,4,2021
Chicago,34,34,9,18,7,36,54,-18,0,5,445,420,56,62,2,2021
Dallas,34,33,7,15,12,47,56,-9,3,10,457,357,57,80,1,2021
Austin,34,31,9,21,4,35,56,-21,2,3,351,348,47,60,4,2021
Houston,34,30,6,16,12,36,54,-18,4,5,449,371,66,71,1,2021
Toronto,34,28,6,18,10,39,66,-27,3,6,336,410,71,58,4,2021
Cincinnati,34,20,4,22,8,37,74,-37,3,2,431,415,59,75,3,2021
Philadelphia,23,47,14,4,5,44,20,24,2,2,315,228,48,54,0,2020
Toronto,23,44,13,5,5,33,26,7,5,3,240,270,42,34,0,2020
Columbus,23,41,12,6,5,36,21,15,4,6,308,312,41,45,0,2020
Orlando,23,41,11,4,8,40,25,15,1,2,291,298,26,47,2,2020
Kansas City,21,39,12,6,3,38,25,13,1,2,258,225,30,44,2,2020
Seattle,22,39,11,5,6,44,23,21,5,2,223,239,45,32,0,2020
New York City,23,39,12,8,3,37,25,12,3,4,358,242,66,52,1,2020
Portland,23,39,11,6,6,46,35,11,3,1,262,294,27,44,1,2020
Minnesota,21,34,9,5,7,36,26,10,3,5,277,256,21,40,2,2020
Dallas,22,34,9,6,7,28,24,4,3,3,255,282,28,41,1,2020
LAFC,22,32,9,8,5,47,39,8,2,5,262,262,45,36,1,2020
New York,23,32,9,9,5,29,31,-2,1,3,288,259,47,30,1,2020
Nashville,23,32,8,7,8,24,22,2,1,0,312,264,25,33,1,2020
New England,23,32,8,7,8,26,25,1,3,1,271,277,44,35,2,2020
San Jose,23,30,8,9,6,35,51,-16,5,4,275,262,32,38,1,2020
Colorado,18,28,8,6,4,32,28,4,0,3,201,183,25,32,2,2020
Vancouver,23,27,9,14,0,27,44,-17,4,3,262,300,26,42,4,2020
Montréal,23,26,8,13,2,33,43,-10,4,4,269,213,47,33,5,2020
Miami,23,24,7,13,3,25,35,-10,2,6,332,323,47,54,5,2020
Chicago,23,23,5,10,8,33,39,-6,4,2,323,276,50,40,1,2020
LA,22,22,6,12,4,27,46,-19,4,6,289,193,35,40,4,2020
Salt Lake,22,22,5,10,7,25,35,-10,3,1,296,215,27,48,2,2020
Atlanta,23,22,6,13,4,23,30,-7,4,0,307,332,38,48,3,2020
D.C.,23,21,5,12,6,25,41,-16,4,3,266,270,47,42,3,2020
Houston,23,21,4,10,9,30,40,-10,4,3,273,249,43,53,3,2020
Cincinnati,23,16,4,15,4,12,36,-24,2,3,309,304,36,40,0,2020
LAFC,34,72,21,4,9,85,37,48,11,3,396,428,74,52,1,2019
New York City,34,64,18,6,10,63,42,21,9,10,467,409,68,79,1,2019
Atlanta,34,58,18,12,4,58,43,15,10,5,350,402,56,56,2,2019
Seattle,34,56,16,10,8,52,49,3,3,5,346,411,55,54,3,2019
Philadelphia,34,55,16,11,7,58,50,8,8,6,388,326,81,58,3,2019
Salt Lake,34,53,16,13,5,46,41,5,7,5,382,390,87,65,5,2019
Minnesota,34,53,15,11,8,52,43,9,7,4,390,319,51,55,4,2019
LA,34,51,16,15,3,58,59,-1,8,8,383,288,85,70,3,2019
Toronto,34,50,13,10,11,57,52,5,7,13,330,362,61,50,3,2019
D.C.,34,50,13,10,11,42,38,4,4,6,387,383,50,49,5,2019
Portland,34,49,14,13,7,52,49,3,5,7,459,307,53,76,6,2019
New York,34,48,14,14,6,53,51,2,5,7,403,431,69,52,5,2019
Dallas,34,48,13,12,9,54,46,8,5,8,427,399,51,67,1,2019
New England,34,45,11,11,12,50,57,-7,7,4,435,413,56,69,5,2019
San Jose,34,44,13,16,5,52,55,-3,1,7,425,414,76,72,5,2019
Colorado,34,42,12,16,6,58,63,-5,8,9,407,350,50,70,8,2019
Chicago,34,42,10,12,12,55,47,8,5,5,408,346,61,62,2,2019
Montréal,34,41,12,17,5,47,60,-13,6,7,382,384,48,55,3,2019
Houston,34,40,12,18,4,49,59,-10,5,7,417,399,67,67,4,2019
Columbus,34,38,10,16,8,39,47,-8,5,5,398,349,55,57,1,2019
Kansas City,34,38,10,16,8,49,67,-18,9,5,419,394,47,74,7,2019
Orlando,34,37,9,15,10,44,52,-8,5,1,377,327,56,62,3,2019
Vancouver,34,34,8,16,10,37,59,-22,7,8,356,371,39,64,1,2019
Cincinnati,34,24,6,22,6,31,75,-44,5,7,371,383,66,57,4,2019
New York,34,71,22,7,5,62,33,29,6,4,398,387,88,53,2,2018
Atlanta,34,69,21,7,6,70,44,26,14,7,346,374,77,62,3,2018
Kansas City,34,62,18,8,8,65,40,25,7,8,376,353,38,50,3,2018
Seattle,34,59,18,11,5,52,37,15,5,2,357,411,69,55,4,2018
LAFC,34,57,16,9,9,68,52,16,5,8,361,449,52,40,4,2018
Dallas,34,57,16,9,9,52,44,8,6,7,351,356,79,51,3,2018
New York City,34,56,16,10,8,59,45,14,4,3,459,363,74,61,4,2018
Portland,34,54,15,10,9,54,48,6,6,2,369,373,67,56,2,2018
D.C.,34,51,14,11,9,60,50,10,5,2,377,393,49,42,2,2018
Columbus,34,51,14,11,9,43,45,-2,7,5,365,347,82,50,2,2018
Philadelphia,34,50,15,14,5,49,50,-1,7,8,404,344,56,57,4,2018
Salt Lake,34,49,14,13,7,55,58,-3,8,7,373,374,75,55,0,2018
LA,34,48,13,12,9,66,64,2,5,8,423,334,81,70,3,2018
Vancouver,34,47,13,13,8,54,67,-13,5,11,412,381,73,59,7,2018
Montréal,34,46,14,16,4,47,53,-6,6,8,375,377,86,48,3,2018
New England,34,41,10,13,11,49,55,-6,5,5,513,364,44,81,4,2018
Houston,34,38,10,16,8,58,58,0,4,10,419,343,47,67,6,2018
Minnesota,34,36,11,20,3,49,71,-22,1,5,436,348,73,72,7,2018
Toronto,34,36,10,18,6,59,64,-5,9,7,299,362,68,54,4,2018
Chicago,34,32,8,18,8,48,61,-13,4,6,413,310,85,62,2,2018
Colorado,34,31,8,19,7,36,63,-27,5,5,465,391,69,90,5,2018
Orlando,34,28,8,22,4,43,74,-31,7,7,361,400,78,69,5,2018
San Jose,34,21,4,21,9,49,71,-22,7,3,378,428,62,46,3,2018
Toronto,34,69,20,5,9,74,37,37,11,6,354,361,50,45,1,2017
New York City,34,57,16,9,9,56,43,13,6,4,447,430,69,75,1,2017
Chicago,34,55,16,11,7,61,47,14,7,3,393,386,95,47,2,2017
Atlanta,34,55,15,9,10,70,40,30,4,5,429,392,76,63,4,2017
Columbus,34,54,16,12,6,53,49,4,6,7,372,365,88,51,4,2017
Portland,34,53,15,11,8,60,50,10,11,4,454,381,82,66,5,2017
Seattle,34,53,14,9,11,52,39,13,6,6,333,471,66,45,5,2017
Vancouver,34,52,15,12,7,50,49,1,6,5,435,400,44,53,6,2017
New York,34,50,14,12,8,53,47,6,8,9,475,487,73,72,1,2017
Houston,34,50,13,10,11,57,45,12,8,3,426,364,40,68,1,2017
Kansas City,34,49,12,9,13,40,29,11,3,5,374,411,69,56,2,2017
San Jose,34,46,13,14,7,39,60,-21,1,3,366,410,67,54,7,2017
Dallas,34,46,11,10,13,48,48,0,4,4,406,363,72,62,3,2017
Salt Lake,34,45,13,15,6,49,55,-6,4,4,445,356,64,65,4,2017
New England,34,45,13,15,6,53,61,-8,4,5,435,396,46,53,5,2017
Philadelphia,34,42,11,14,9,50,47,3,7,7,432,366,52,52,2,2017
Montréal,34,39,11,17,6,52,58,-6,7,5,462,371,77,70,6,2017
Orlando,34,39,10,15,9,39,58,-19,1,5,433,479,49,63,7,2017
Minnesota,34,36,10,18,6,47,70,-23,4,9,379,417,69,67,3,2017
Colorado,34,33,9,19,6,31,51,-20,2,8,479,330,61,75,6,2017
D.C.,34,32,9,20,5,31,60,-29,4,7,416,378,76,54,3,2017
LA,34,32,8,18,8,45,67,-22,5,5,426,369,52,69,8,2017
Dallas,34,60,17,8,9,50,40,10,5,4,443,367,76,60,1,2016
Colorado,34,58,15,6,13,39,32,7,3,8,458,323,74,83,2,2016
New York,34,57,16,9,9,61,44,17,3,4,450,426,78,62,4,2016
New York City,34,54,15,10,9,62,57,5,7,6,418,373,61,67,4,2016
Toronto,34,53,14,9,11,51,39,12,6,3,359,401,79,51,3,2016
LA,34,52,12,6,16,54,39,15,6,4,361,375,59,52,3,2016
Seattle,34,48,14,14,6,44,43,1,4,8,350,414,58,47,5,2016
Kansas City,34,47,13,13,8,42,41,1,5,4,420,392,62,60,5,2016
Salt Lake,34,46,12,12,10,44,46,-2,9,6,434,431,50,64,3,2016
D.C.,34,46,11,10,13,53,47,6,4,4,507,396,95,65,3,2016
Montréal,34,45,11,11,12,49,53,-4,6,6,431,400,66,68,4,2016
Portland,34,44,12,14,8,48,53,-5,9,7,438,441,77,53,3,2016
Philadelphia,34,42,11,14,9,52,55,-3,8,1,389,421,49,57,5,2016
New England,34,42,11,14,9,44,54,-10,4,9,426,390,72,55,4,2016
Orlando,34,41,9,11,14,55,60,-5,7,7,457,414,48,73,4,2016
Vancouver,34,39,10,15,9,45,52,-7,8,8,479,341,55,57,8,2016
San Jose,34,38,8,12,14,32,40,-8,5,5,413,465,69,52,2,2016
Columbus,34,36,8,14,12,50,58,-8,7,6,312,353,104,33,3,2016
Houston,34,34,7,14,13,39,45,-6,1,6,411,382,39,43,4,2016
Chicago,34,31,7,17,10,42,58,-16,2,3,412,370,88,42,3,2016
New York,34,60,18,10,6,62,43,19,11,3,438,444,111,62,3,2015
Dallas,34,60,18,10,6,52,39,13,5,9,413,394,57,52,4,2015
Vancouver,34,53,16,13,5,45,36,9,5,6,477,409,70,74,5,2015
Columbus,34,53,15,11,8,58,53,5,2,4,403,362,70,56,3,2015
Portland,34,53,15,11,8,41,39,2,6,4,420,449,78,49,3,2015
Seattle,34,51,15,13,6,44,36,8,3,3,396,406,67,53,1,2015
Montréal,34,51,15,13,6,48,44,4,6,7,424,367,66,77,9,2015
D.C.,34,51,15,13,6,43,45,-2,6,2,461,344,89,51,1,2015
LA,34,51,14,11,9,56,46,10,6,4,417,368,48,54,2,2015
Kansas City,34,51,14,11,9,48,45,3,6,2,454,405,59,67,3,2015
New England,34,50,14,12,8,48,47,1,3,8,463,419,63,58,5,2015
Toronto,34,49,15,15,4,58,58,0,7,8,430,427,67,58,4,2015
San Jose,34,47,13,13,8,41,39,2,6,6,477,442,74,59,7,2015
Orlando,34,44,12,14,8,46,56,-10,6,7,467,450,82,72,10,2015
Houston,34,42,11,14,9,42,49,-7,4,5,441,414,49,58,4,2015
Salt Lake,34,41,11,15,8,38,48,-10,5,10,436,447,70,72,9,2015
New York City,34,37,10,17,7,49,58,-9,9,7,452,403,78,75,5,2015
Philadelphia,34,37,10,17,7,42,55,-13,2,6,374,413,70,54,5,2015
Colorado,34,37,9,15,10,33,43,-10,2,3,506,428,95,74,3,2015
Chicago,34,30,8,20,6,43,58,-15,8,4,441,450,81,67,3,2015
Seattle,34,64,20,10,4,65,50,15,7,7,453,473,63,56,3,2014
LA,34,61,17,7,10,69,37,32,8,3,394,387,55,48,2,2014
D.C.,34,59,17,9,8,52,37,15,5,6,429,366,85,51,2,2014
Salt Lake,34,56,15,8,11,54,39,15,8,10,424,402,64,50,4,2014
New England,34,55,17,13,4,51,46,5,5,5,428,400,54,58,2,2014
Dallas,34,54,16,12,6,55,45,10,9,5,417,416,76,53,9,2014
Columbus,34,52,14,10,10,52,42,10,9,4,411,362,80,56,4,2014
New York,34,50,13,10,11,55,50,5,8,10,400,351,87,53,3,2014
Vancouver,34,50,12,8,14,42,40,2,12,5,434,420,74,59,3,2014
Kansas City,34,49,14,13,7,48,41,7,8,7,499,471,79,62,5,2014
Portland,34,49,12,9,13,61,52,9,4,10,451,501,96,52,2,2014
Philadelphia,34,42,10,12,12,51,51,0,7,7,413,390,76,37,5,2014
Toronto,34,41,11,15,8,44,54,-10,5,7,425,455,77,59,6,2014
Houston,34,39,11,17,6,39,58,-19,6,11,425,352,64,51,5,2014
Chicago,34,36,6,10,18,41,51,-10,11,8,447,425,66,64,3,2014
Chivas USA,34,33,9,19,6,29,61,-32,7,5,488,367,52,72,9,2014
Colorado,34,32,8,18,8,43,62,-19,10,7,392,348,88,52,5,2014
San Jose,34,30,6,16,12,35,50,-15,3,10,413,408,53,59,3,2014
Montréal,34,28,6,18,10,38,58,-20,2,7,457,358,89,58,6,2014
New York,34,59,17,9,8,58,41,17,3,10,437,327,96,40,5,2013
Kansas City,34,58,17,10,7,47,30,17,4,1,511,426,50,67,1,2013
Portland,34,57,14,5,15,54,33,21,3,5,436,421,94,48,3,2013
Salt Lake,34,56,16,10,8,57,41,16,7,6,400,392,67,60,6,2013
LA,34,53,15,11,8,53,38,15,8,1,386,374,44,36,1,2013
Seattle,34,52,15,12,7,42,42,0,4,2,446,397,92,44,10,2013
New England,34,51,14,11,9,49,38,11,5,3,440,419,66,48,8,2013
Colorado,34,51,14,11,9,45,38,7,4,8,426,373,71,42,4,2013
Houston,34,51,14,11,9,41,41,0,5,4,372,343,69,40,3,2013
San Jose,34,51,14,11,9,35,42,-7,2,3,411,399,86,59,7,2013
Montréal,34,49,14,13,7,50,49,1,4,6,370,459,125,62,1,2013
Chicago,34,49,14,13,7,47,52,-5,5,4,394,372,62,49,5,2013
Vancouver,34,48,13,12,9,53,45,8,6,3,387,379,72,46,1,2013
Philadelphia,34,46,12,12,10,42,44,-2,0,1,439,392,78,63,3,2013
Dallas,34,44,11,12,11,48,52,-4,4,3,416,448,93,54,5,2013
Columbus,34,41,12,17,5,42,46,-4,9,5,460,416,89,63,2,2013
Toronto,34,29,6,17,11,30,47,-17,2,3,435,404,76,67,6,2013
Chivas USA,34,26,6,20,8,30,67,-37,3,6,465,377,52,65,7,2013
D.C.,34,16,3,24,7,22,59,-37,3,7,393,388,101,52,0,2013
San Jose,34,66,19,6,9,72,43,29,8,5,439,381,91,58,5,2012
Kansas City,34,63,18,7,9,42,27,15,4,4,456,394,54,52,3,2012
D.C.,34,58,17,10,7,53,43,10,2,3,390,365,106,47,3,2012
New York,34,57,16,9,9,57,46,11,3,1,410,330,77,59,2,2012
Salt Lake,34,57,17,11,6,46,35,11,4,4,444,359,90,58,4,2012
Chicago,34,57,17,11,6,46,41,5,3,3,349,397,75,48,5,2012
Seattle,34,56,15,8,11,51,33,18,2,2,442,413,80,53,4,2012
LA,34,54,16,12,6,59,47,12,4,4,421,359,67,50,2,2012
Houston,34,53,14,9,11,48,41,7,7,5,372,350,81,34,1,2012
Columbus,34,52,15,12,7,44,44,0,3,5,412,370,111,54,2,2012
Vancouver,34,43,11,13,10,35,41,-6,1,3,481,480,91,68,3,2012
Montréal,34,42,12,16,6,45,51,-6,9,8,427,395,114,55,3,2012
Dallas,34,39,9,13,12,42,47,-5,5,6,420,480,72,44,6,2012
Colorado,34,37,11,19,4,44,50,-6,4,2,415,398,62,40,3,2012
Philadelphia,34,36,10,18,6,37,45,-8,6,4,464,417,93,57,5,2012
New England,34,35,9,17,8,39,44,-5,2,3,361,446,68,40,3,2012
Portland,34,34,8,16,10,34,56,-22,0,6,388,372,86,56,2,2012
Chivas USA,34,30,7,18,9,24,58,-34,3,2,424,404,56,54,1,2012
Toronto,34,23,5,21,8,36,62,-26,2,2,428,331,76,54,2,2012
LA,34,67,19,5,10,48,28,20,4,4,396,403,84,52,4,2011
Seattle,34,63,18,7,9,56,37,19,9,4,430,360,85,62,2,2011
Salt Lake,34,53,15,11,8,44,36,8,5,7,443,382,115,56,7,2011
Dallas,34,52,15,12,7,42,39,3,2,4,413,428,96,54,4,2011
Kansas City,34,51,13,9,12,50,40,10,4,3,425,386,71,51,8,2011
Colorado,34,49,12,9,13,44,41,3,4,2,374,398,83,58,5,2011
Houston,34,49,12,9,13,45,41,4,3,5,396,343,95,47,7,2011
Philadelphia,34,48,11,8,15,44,36,8,4,3,400,362,81,46,3,2011
Columbus,34,47,13,13,8,43,44,-1,9,4,413,391,117,50,3,2011
New York,34,46,10,8,16,50,44,6,5,6,420,334,125,57,4,2011
Chicago,34,43,9,9,16,46,45,1,2,4,467,381,75,65,4,2011
Portland,34,42,11,14,9,40,48,-8,5,5,347,387,119,50,3,2011
D.C.,34,39,9,13,12,49,52,-3,10,6,383,326,98,43,4,2011
San Jose,34,38,8,12,14,40,45,-5,2,4,400,322,85,66,5,2011
Chivas USA,34,36,8,14,12,41,43,-2,0,4,387,362,67,51,4,2011
Toronto,34,33,6,13,15,36,59,-23,2,4,413,364,62,53,4,2011
New England,34,28,5,16,13,38,58,-20,7,8,399,407,83,54,10,2011
Vancouver,34,28,6,18,10,35,55,-20,7,7,451,406,79,55,5,2011
LA,30,59,18,7,5,44,26,18,4,1,356,295,68,50,1,2010
Salt Lake,30,56,15,4,11,45,20,25,4,4,335,348,95,51,0,2010
New York,30,51,15,9,6,38,29,9,5,1,392,278,107,49,3,2010
Dallas,30,50,12,4,14,42,28,14,9,2,339,352,93,48,3,2010
Columbus,30,50,14,8,8,40,34,6,7,4,314,364,103,40,4,2010
Seattle,30,48,14,10,6,39,35,4,6,5,333,385,84,47,2,2010
Colorado,30,46,12,8,10,44,32,12,4,4,293,321,67,49,2,2010
San Jose,30,46,13,10,7,34,33,1,3,0,286,305,83,40,4,2010
Kansas City,30,39,11,13,6,36,35,1,2,1,341,374,69,46,4,2010
Chicago,30,36,9,12,9,37,38,-1,7,6,296,348,84,40,3,2010
Toronto,30,35,9,13,8,33,41,-8,7,7,351,267,87,58,7,2010
Houston,30,33,9,15,6,40,49,-9,4,0,299,330,107,46,8,2010
New England,30,32,9,16,5,32,50,-18,3,2,328,336,78,45,4,2010
Philadelphia,30,31,8,15,7,35,49,-14,5,4,357,322,78,41,5,2010
Chivas USA,30,28,8,18,4,31,45,-14,5,5,333,290,86,47,2,2010
D.C.,30,22,6,20,4,21,47,-26,3,2,322,353,71,49,2,2010
Columbus,30,49,13,7,10,41,31,10,5,1,354,375,88,57,7,2009
LA,30,48,12,6,12,36,31,5,6,5,389,343,50,49,7,2009
Houston,30,48,13,8,9,39,29,10,4,2,354,374,90,55,8,2009
Seattle,30,47,12,7,11,38,29,9,3,1,353,402,91,59,8,2009
Chicago,30,45,11,7,12,39,34,5,5,5,251,372,70,46,4,2009
Chivas USA,30,45,13,11,6,34,31,3,4,3,412,316,94,63,7,2009
New England,30,42,11,10,9,33,37,-4,5,2,326,387,63,50,4,2009
Salt Lake,30,40,11,12,7,43,35,8,3,1,370,308,64,69,8,2009
Colorado,30,40,10,10,10,42,38,4,8,5,330,319,66,55,2,2009
D.C.,30,40,9,8,13,43,44,-1,8,5,356,319,74,66,4,2009
Dallas,30,39,11,13,6,50,47,3,5,4,299,362,74,52,5,2009
Toronto,30,39,10,11,9,37,46,-9,5,4,328,277,102,57,3,2009
Kansas City,30,33,8,13,9,33,42,-9,4,3,338,339,76,57,6,2009
San Jose,30,30,7,14,9,36,50,-14,5,3,341,337,68,61,1,2009
New York,30,21,5,19,6,27,47,-20,7,5,358,328,74,45,8,2009
Columbus,30,57,17,7,6,50,36,14,5,2,326,401,73,52,4,2008
Houston,30,51,13,5,12,45,32,13,4,0,375,385,110,53,3,2008
Chicago,30,46,13,10,7,44,33,11,3,0,333,390,72,55,2,2008
New England,30,43,12,11,7,40,43,-3,4,3,358,417,49,44,5,2008
Chivas USA,30,43,12,11,7,40,41,-1,4,3,495,378,88,65,6,2008
Kansas City,30,42,11,10,9,37,39,-2,4,3,321,379,103,49,2,2008
Salt Lake,30,40,10,10,10,40,39,1,4,4,388,355,67,52,3,2008
New York,30,39,10,11,9,42,48,-6,3,2,413,341,82,56,5,2008
Colorado,30,38,11,14,5,44,45,-1,7,4,346,376,68,47,5,2008
D.C.,30,37,11,15,4,43,51,-8,5,0,379,377,78,66,6,2008
Dallas,30,36,8,10,12,45,41,4,4,2,371,380,95,55,7,2008
Toronto,30,35,9,13,8,34,43,-9,7,6,343,329,95,50,5,2008
LA,30,33,8,13,9,55,62,-7,4,4,381,350,87,52,3,2008
San Jose,30,33,8,13,9,32,38,-6,5,3,382,353,78,58,4,2008
D.C.,30,55,16,7,7,56,34,22,7,1,509,366,115,65,2,2007
Chivas USA,30,53,15,7,8,46,28,18,3,2,434,412,98,62,4,2007
Houston,30,52,15,8,7,43,23,20,3,2,410,455,125,49,4,2007
New England,30,50,14,8,8,51,43,8,4,3,381,461,83,47,1,2007
Dallas,30,44,13,12,5,37,44,-7,5,3,465,445,82,64,4,2007
New York,30,43,12,11,7,47,45,2,6,4,424,361,102,39,4,2007
Chicago,30,40,10,10,10,31,36,-5,6,6,393,420,91,60,5,2007
Kansas City,30,40,11,12,7,45,45,0,7,6,387,483,103,58,3,2007
Columbus,30,37,9,11,10,39,44,-5,3,2,417,482,103,46,3,2007
Colorado,30,35,9,13,8,29,34,-5,5,2,444,403,82,60,7,2007
LA,30,34,9,14,7,38,48,-10,7,4,354,385,96,48,5,2007
Salt Lake,30,27,6,15,9,31,45,-14,6,4,412,428,90,63,5,2007
Toronto,30,25,6,17,7,25,49,-24,8,8,494,422,78,62,7,2007
D.C.,32,55,15,7,10,52,38,14,9,8,454,433,91,63,5,2006
Dallas,32,52,16,12,4,48,44,4,1,1,476,419,105,58,2,2006
New England,32,48,12,8,12,39,35,4,3,1,422,515,94,58,1,2006
Chicago,32,47,13,11,8,43,41,2,6,3,457,466,84,53,2,2006
Houston,32,46,11,8,13,44,40,4,3,3,502,530,101,51,7,2006
Chivas USA,32,43,10,9,13,45,42,3,4,2,437,401,129,56,3,2006
Colorado,32,41,11,13,8,36,49,-13,5,4,420,402,100,65,6,2006
New York,32,39,9,11,12,41,41,0,5,4,540,450,109,63,4,2006
LA,32,39,11,15,6,37,37,0,3,2,532,501,86,57,0,2006
Salt Lake,32,39,10,13,9,45,49,-4,6,1,422,416,123,59,5,2006
Kansas City,32,38,10,14,8,43,45,-2,6,5,399,460,86,51,4,2006
Columbus,32,33,8,15,9,30,42,-12,5,1,512,468,117,56,5,2006
San Jose,32,64,18,4,10,53,31,22,5,4,528,590,96,54,4,2005
New England,32,59,17,7,8,55,37,18,6,5,440,459,85,55,2,2005
D.C.,32,54,16,10,6,58,37,21,9,5,504,470,88,61,5,2005
Chicago,32,49,15,13,4,49,50,-1,7,5,454,448,89,45,3,2005
Dallas,32,48,13,10,9,52,44,8,4,2,557,403,97,63,2,2005
New York,32,47,12,9,11,53,49,4,7,3,458,406,124,65,4,2005
Kansas City,32,45,11,9,12,52,44,8,2,1,389,464,102,42,1,2005
Colorado,32,45,13,13,6,40,37,3,7,6,491,451,105,72,6,2005
LA,32,45,13,13,6,44,45,-1,6,6,449,484,108,59,2,2005
Columbus,32,38,11,16,5,34,45,-11,5,2,456,415,106,53,3,2005
Salt Lake,32,20,5,22,5,30,65,-35,4,4,423,458,90,60,6,2005
Chivas USA,32,18,4,22,6,31,67,-36,9,7,521,452,89,70,4,2005
Columbus,30,49,12,5,13,40,32,8,8,7,464,398,75,49,2,2004
Kansas City,30,49,14,9,7,38,30,8,5,3,405,429,67,43,4,2004
LA,30,43,11,9,10,42,40,2,5,4,484,469,75,60,1,2004
D.C.,30,42,11,10,9,43,42,1,5,4,542,410,75,66,3,2004
Colorado,30,41,10,9,11,29,32,-3,7,5,463,385,102,47,4,2004
New York,30,40,11,12,7,47,49,-2,8,4,430,500,48,53,2,2004
San Jose,30,38,9,10,11,41,35,6,5,2,460,499,72,52,6,2004
Dallas,30,36,10,14,6,34,45,-11,2,1,499,373,71,60,5,2004
New England,30,33,8,13,9,42,43,-1,6,4,406,477,72,48,3,2004
Chicago,30,33,8,13,9,36,44,-8,6,5,420,504,79,51,5,2004
Chicago,30,53,15,7,8,53,43,10,9,4,491,511,98,50,3,2003
San Jose,30,51,14,7,9,45,35,10,2,1,476,409,77,53,4,2003
New England,30,45,12,9,9,55,47,8,5,4,458,483,65,45,5,2003
Kansas City,30,42,11,10,9,48,44,4,6,6,422,431,84,58,2,2003
New York,30,42,11,10,9,40,40,0,7,3,498,510,63,53,4,2003
Colorado,30,40,11,12,7,40,45,-5,8,7,482,409,96,52,5,2003
D.C.,30,39,10,11,9,38,36,2,8,5,530,508,67,69,4,2003
Columbus,30,38,10,12,8,44,44,0,8,8,476,462,88,65,2,2003
LA,30,36,9,12,9,35,35,0,8,3,494,468,85,52,3,2003
Dallas,30,23,6,19,5,35,64,-29,10,6,509,393,102,52,6,2003
LA,28,51,16,9,3,44,33,11,5,3,456,407,68,53,5,2002
San Jose,28,45,14,11,3,45,35,10,6,5,448,383,75,55,3,2002
Dallas,28,43,12,9,7,44,43,1,6,5,470,411,91,57,4,2002
Colorado,28,43,13,11,4,43,48,-5,6,3,469,390,87,63,3,2002
New England,28,38,12,14,2,49,49,0,4,3,463,425,64,50,3,2002
Columbus,28,38,11,12,5,44,43,1,5,2,482,470,93,60,4,2002
Chicago,28,37,11,13,4,43,38,5,4,3,472,479,73,58,3,2002
Kansas City,28,36,9,10,9,37,45,-8,6,1,362,442,92,47,6,2002
New York,28,35,11,15,2,41,47,-6,9,3,445,515,87,60,9,2002
D.C.,28,32,9,14,5,31,40,-9,6,5,492,442,99,69,4,2002
Miami,26,53,16,5,5,57,36,21,5,3,390,398,84,59,5,2001
Chicago,27,53,16,6,5,50,30,20,6,3,458,488,91,53,6,2001
LA,26,47,14,7,5,52,36,16,7,2,432,404,99,50,1,2001
Columbus,26,45,13,7,6,49,36,13,3,2,374,418,72,40,6,2001
San Jose,26,45,13,7,6,47,29,18,4,3,398,385,90,37,3,2001
New York,26,42,13,10,3,38,35,3,3,3,465,438,72,59,5,2001
Kansas City,27,36,11,13,3,33,53,-20,3,2,424,419,81,45,3,2001
Dallas,26,35,10,11,5,48,47,1,6,2,465,334,87,57,3,2001
New England,27,27,7,14,6,35,52,-17,9,2,483,457,88,60,3,2001
D.C.,26,26,8,16,2,42,50,-8,6,4,509,459,78,64,3,2001
Colorado,26,23,5,13,8,36,47,-11,4,4,427,405,89,45,3,2001
Tampa Bay,27,14,4,21,2,32,68,-36,8,7,386,361,100,57,6,2001
Chicago,32,57,17,9,6,67,51,16,10,3,545,564,75,71,7,2000
Kansas City,32,56,16,7,8,47,29,18,6,3,503,541,96,52,2,2000
New York,32,54,17,12,3,64,56,8,10,8,593,520,108,69,11,2000
Tampa Bay,32,52,16,12,4,62,50,12,8,2,434,446,130,51,3,2000
LA,32,50,14,10,8,47,37,10,7,3,516,504,113,53,4,2000
Dallas,32,46,14,14,4,54,54,0,5,4,588,521,103,62,4,2000
New England,32,45,13,13,6,47,49,-2,6,2,569,526,109,68,2,2000
Colorado,32,43,13,15,4,43,59,-16,7,3,581,526,116,56,2,2000
Miami,32,41,12,15,5,54,56,-2,7,4,516,540,132,60,9,2000
Columbus,32,38,11,16,5,48,58,-10,7,6,498,543,78,63,2,2000
San Jose,32,29,7,17,8,35,50,-15,5,4,527,473,113,59,6,2000
D.C.,32,29,8,18,5,44,63,-19,6,6,618,531,111,72,3,2000
D.C.,32,57,23,9,0,65,43,25,4,17,505,480,90,60,9,1999
LA,32,54,20,12,0,49,29,19,4,22,457,425,115,53,2,1999
Dallas,32,51,19,13,0,54,35,16,3,22,448,446,115,45,5,1999
Chicago,32,48,18,14,0,51,36,13,5,22,495,450,98,56,6,1999
Colorado,32,48,20,12,0,38,39,2,5,22,493,458,113,45,2,1999
Columbus,32,45,19,13,0,48,39,11,4,20,474,471,115,41,0,1999
San Jose,32,37,19,13,0,48,49,6,7,25,510,412,82,59,3,1999
Tampa Bay,32,32,14,18,0,51,50,-1,4,27,377,430,84,45,7,1999
Miami,32,29,13,19,0,42,59,-16,3,19,482,447,111,59,7,1999
New England,32,26,12,20,0,38,53,-17,3,31,504,428,95,56,5,1999
Kansas City,32,20,8,24,0,33,53,-24,4,22,420,428,74,47,4,1999
New York,32,15,7,25,0,32,64,-34,5,19,398,419,96,48,6,1999
LA,32,68,24,8,0,85,44,41,6,10,464,378,105,48,7,1998
D.C.,32,58,24,8,0,74,48,30,9,24,453,413,99,54,5,1998
Chicago,32,56,20,12,0,62,45,18,4,8,436,462,103,40,3,1998
Columbus,32,45,15,17,0,67,56,6,6,20,456,503,98,42,3,1998
Colorado,32,44,16,16,0,62,69,-7,5,11,397,415,114,59,5,1998
New York,32,39,15,17,0,54,63,-6,6,10,453,446,97,59,9,1998
Dallas,32,37,15,17,0,43,59,-14,5,16,433,383,83,63,6,1998
Miami,32,35,15,17,0,46,68,-17,5,9,459,447,117,66,6,1998
Tampa Bay,32,34,12,20,0,46,57,-15,6,20,385,413,135,51,4,1998
San Jose,32,33,13,19,0,48,60,-14,4,22,479,468,119,52,2,1998
Kansas City,32,32,12,20,0,45,50,-7,7,19,466,435,88,35,5,1998
New England,32,29,11,21,0,53,66,-15,5,19,521,369,111,50,6,1998
D.C.,32,55,21,11,0,70,53,17,9,22,397,423,149,36,2,1997
Kansas City,32,49,21,11,0,57,51,11,6,22,481,407,117,49,3,1997
Tampa Bay,32,45,17,15,0,55,60,-4,4,13,417,489,138,62,7,1997
LA,32,44,16,16,0,55,44,9,6,20,464,464,124,51,5,1997
Dallas,32,42,16,16,0,55,49,7,10,15,478,465,125,44,4,1997
Columbus,32,39,15,17,0,42,41,0,5,20,439,484,108,33,3,1997
Colorado,32,38,14,18,0,50,59,-10,6,17,475,426,126,42,2,1997
New England,32,37,15,17,0,40,53,-13,5,20,534,455,105,47,3,1997
New York,32,35,13,19,0,43,53,-10,8,15,440,503,105,50,3,1997
San Jose,32,30,12,20,0,55,59,-7,6,28,458,463,144,43,4,1997
Tampa Bay,32,58,20,12,0,66,51,13,10,19,449,410,147,57,2,1996
LA,32,49,19,13,0,59,49,10,6,25,461,415,94,57,1,1996
D.C.,32,46,16,16,0,62,56,4,8,16,417,403,89,47,2,1996
Dallas,32,41,17,15,0,50,48,4,5,19,425,472,98,53,4,1996
Kansas City,32,41,17,15,0,61,63,1,8,20,412,404,94,35,3,1996
New York,32,39,15,17,0,45,47,-1,5,12,430,452,118,61,4,1996
San Jose,32,39,15,17,0,50,50,-3,4,30,515,485,137,59,4,1996
Columbus,32,37,15,17,0,59,60,-2,7,27,415,520,99,42,5,1996
New England,32,33,15,17,0,43,56,-9,7,15,514,436,117,63,5,1996
Colorado,32,29,11,21,0,44,59,-17,4,18,394,389,105,48,2,1996
